key,input,outcome
KHIYANZJZPOERY-UHFFFAOYSA-N,O=C(Nc1ncc(-c2ccccc2)s1)c1ccc(-c2cccc([N+](=O)[O-])c2)o1,1.0
GOMHIKKLHZCVNL-UHFFFAOYSA-N,Cc1ccc(S(=O)(=O)Nc2ccccc2C(=O)Nc2ccc(-c3ccccc3)nn2)cc1,0.995
DXCJUNQQRSOMOJ-UHFFFAOYSA-N,Cc1cnc(-c2ccccc2C2COC2)nc1NCC1CCN(c2cccnc2)CC1,0.002
YEVXRWLVKPEMJL-UHFFFAOYSA-N,CN(C)c1ccc(S(=O)(=O)N2CCCCC2)cc1NS(=O)(=O)c1ccc2ccccc2c1,0.996
FPGCWSZCMSCZEJ-UHFFFAOYSA-N,COc1ccc(CN2CCNc3cc(Nc4ccccc4)ncc3C2)cn1,0.001
LTNDTGMLCTUNAS-UHFFFAOYSA-N,CCOc1ccc(CCNC(=O)c2cc3sccc3n2CCN(C)C)cc1OCC,0.012
VDKQVFWCRVGXRS-UHFFFAOYSA-N,Cc1c(C(=O)OCCOc2ccccc2)[nH]c2c1C(=O)CC(c1ccccc1)C2,0.996
KJYQCXRQOTZFLE-UHFFFAOYSA-N,COc1ccccc1-c1[nH]nc2ncc(-c3ccc(C)cc3)nc12,0.998
DXDDWXHNWRDUCF-UHFFFAOYSA-N,CCCN1CNc2c(c(=O)[nH]c(=S)n2CCc2cccc(Cl)c2Cl)C1,0.474
UODHIYDWUXTPFN-UHFFFAOYSA-N,Cc1ccc(S(=O)(=O)Nc2ccccc2C(=O)Nc2nccs2)cc1,0.912
IINUNQPYJGJCJI-UHFFFAOYSA-N,NC(CO)(CO)CCc1ccc(Sc2cccc(OCc3ccccc3)c2)cc1Cl,1.0
TYMPTSBZTZLCMP-UHFFFAOYSA-N,Oc1ccc(CNc2ccc(F)cc2F)c2cccnc12,0.98
UTTSAVIJOACRKO-UHFFFAOYSA-N,Cc1cc(NC(=O)c2ccc(NC(=O)Cc3ccc(Cl)c(Cl)c3)cc2)no1,0.99
ZDPXTSIEKDPRNT-UHFFFAOYSA-N,CCCCCCOc1ccc(OC(=O)c2ccncc2)cc1,1.0
HMUUFDCCBCUQAV-UHFFFAOYSA-N,CCOc1ccccc1C(=O)Nc1ccccc1C(=O)Nc1cccc(C(F)(F)F)c1,0.986
ZTGLAXPMCHUQAL-UHFFFAOYSA-N,COc1cccc(O)c1CNc1ccc(S(=O)(=O)Nc2nccs2)cc1,0.853
RVXBQNAIAHECGJ-UHFFFAOYSA-N,COc1ccccc1CNc1ccc(N2CCCCC2)cc1,0.877
DFCSAZLDJTXFFW-UHFFFAOYSA-N,CC(C)CNC(=O)c1cn2cc(-c3ccccc3)sc2n1,0.995
NFCHGHUEZLEGMI-UHFFFAOYSA-N,Cc1cc(-c2nnc3n2CCCCC3)c(C)n1-c1cccc2ccccc12,0.001
BKINEUQZVMMBLY-UHFFFAOYSA-N,COc1ccc(-c2csc(NC(=O)c3ccncc3NS(=O)(=O)c3ccc(C)cc3)n2)cc1,0.916
PDMCFULAKFNLJK-UHFFFAOYSA-N,CC1=C(C(=O)Nc2ccccc2)C(c2ccc[nH]2)n2ncnc2N1,0.934
ARGUMDNARGOSPU-UHFFFAOYSA-N,CCn1cc(C(=O)O)c(=O)c2cnc(N3CCN(C(=S)Nc4ccccc4)CC3)nc21,0.018
ZQYPKLQRARHIRS-UHFFFAOYSA-N,O=C(Nc1nc(-c2ccccc2)cs1)c1ccncc1NS(=O)(=O)c1cccc(Cl)c1,0.793
TUYIJCKCDWAZQQ-UHFFFAOYSA-N,Cc1ccc(S(=O)(=O)Nc2cc(C)ccc2C(=O)Nc2nc(-c3ccccc3)cs2)cc1,0.999
SYOUXPDRIZMGGT-UHFFFAOYSA-N,CC(C)Oc1ccc(-c2ccc(=O)n(CC(=O)NCCc3ccccc3)n2)cc1,0.644
LABMFICRIXXKMN-UHFFFAOYSA-N,NC(=O)C1CCN(c2nc(-c3ccc(Cl)cc3)cs2)CC1,0.931
SIZPCWXMMVUYKU-UHFFFAOYSA-N,Cn1nnnc1Sc1ncnc2sccc12,0.379
SWRQHHJAXCNFGU-UHFFFAOYSA-N,Cc1ccc2[nH]c(-c3ccccc3)cc(=O)c2c1,0.987
NFIXBCVWIPOYCD-UHFFFAOYSA-N,CCN(CC)CCOc1ccc(Cc2ccccc2)cc1,0.003
HTAQOIIMDZRODK-UHFFFAOYSA-N,COc1ccc(C2c3c(ncn(CCN4CCOCC4)c3=N)Oc3ccc4ccccc4c32)cc1OC,0.823
ZPFUYQSUWRREPC-UHFFFAOYSA-N,Cc1ccc(S(=O)(=O)Nc2cc(C(=O)Nc3nc(-c4ccccc4)cs3)ccc2Cl)cc1,0.998
JOOIIHRRTWXENP-ICSRJNTNSA-N,COc1cc2c(cc1OC)C(C[C@H]1CN(S(=O)(=O)c3cccc(C#N)c3)CC[C@H]1CC(=O)O)=NCC2,0.006
VREFGVBLTWBCJP-UHFFFAOYSA-N,Cc1nnc2n1-c1ccc(Cl)cc1C(c1ccccc1)=NC2,0.042
RDXHNMQEIFELHZ-UHFFFAOYSA-N,COc1ccc(S(=O)(=O)Nc2cnccc2C(=O)Nc2nc(-c3ccccc3)cs2)cc1,0.853
ARVFYWDRISZVRN-UHFFFAOYSA-N,CCc1ccccc1C(=O)N1CCc2cc(-c3nc(NC(=O)Cc4ccc5c(c4)OCO5)sc3C)ccc21,0.999
ZQYZYMCKQNRTCW-UHFFFAOYSA-N,Cc1ccc(C(=O)NC2CCN(c3cnn(CC4CC4)c(=O)c3)CC2)cc1C,0.894
RYKWNPMRHZJFMZ-UHFFFAOYSA-N,CC(=O)N1CCC(NC(=O)c2nc(-c3ccccc3)cc3[nH]ccc23)CC1,0.068
MNUNBRNTBHPPCX-UHFFFAOYSA-N,COc1ccccc1NC(=O)C1=C(C)Nc2c(C(=O)Nc3cccc(C)c3)cnn2C1c1ccccc1Cl,0.996
DTTDVOXGZPVSPR-UHFFFAOYSA-N,CSc1nnc2c3ccccc3n(CCc3ccccc3)c2n1,0.999
HFDCWUFBFUUQGY-UHFFFAOYSA-N,COc1cccc(CNc2ccc(C(=O)Nc3nccs3)cc2)c1O,0.977
SVJMLYUFVDMUHP-UHFFFAOYSA-N,COC(=O)C1=C(C)NC(C)=C(C(=O)OCCCN2CCC(c3ccccc3)(c3ccccc3)CC2)C1c1cccc([N+](=O)[O-])c1,0.974
PWEOEXKKLYCRKL-UHFFFAOYSA-N,O=c1n(-c2ccc(Cl)cc2)nc2n1CCN(Cc1ccc(C(F)(F)F)cc1)C2,0.992
VPEVNCVVSWARNR-UHFFFAOYSA-N,O=S(=O)(Nc1nccs1)c1ccc(NCc2ccc(Br)cc2O)cc1,0.96
JYHINQXDURAWQJ-UHFFFAOYSA-N,O=C(Nc1nc(-c2ccccc2)cs1)c1ccncc1NS(=O)(=O)c1ccc(C(F)(F)F)cc1,0.803
YVEQUAAEQTUWDW-UHFFFAOYSA-N,Clc1ccc(C2=Nn3c(nnc3-c3ccncc3)SC2)cc1,1.0
KYCQZFWUKRRWMS-UHFFFAOYSA-N,CCOc1ccc(CCNC(=O)c2cc3ccccc3n2CCN2CCOCC2)cc1OCC,0.07
FUCWZIFGSAFUAO-UHFFFAOYSA-N,COc1ccc(-n2cnc3cc(C(=O)N4CCCCC4)ccc32)cc1,0.016
UDTWNDBVRLDPNE-UHFFFAOYSA-N,O=C(Nc1nc2ccc(NC(=O)C3C4CC5CC(C4)CC3C5)cc2s1)c1ccccc1,1.0
XENKUEKKZYIAHP-UHFFFAOYSA-N,Cc1cccc(C)c1Nc1c(-c2cccs2)nc2ncccn12,0.95
VPAYQWRBBOGGPY-UHFFFAOYSA-N,CN1C(=O)CN=C(c2ccccc2Cl)c2cc(Cl)ccc21,0.497
LKBHAGGICJWHQQ-UHFFFAOYSA-N,O=C(NCc1ccc(S(=O)(=O)c2cccc(C(F)(F)F)c2)cc1)c1cnc2[nH]ncc2c1,0.888
QFDQQONBIYBYOA-UHFFFAOYSA-N,COc1cccc(C(=O)Nc2nc(-c3nnn(-c4cccc(Cl)c4C)c3C)ns2)c1,0.997
AGWAEWJPKFNDHK-UHFFFAOYSA-N,Cc1ccnc(NC(=S)N2CCN(c3ccc(C(F)(F)F)cc3[N+](=O)[O-])CC2)c1,0.965
BQNCJGIWXCJMIC-UHFFFAOYSA-N,NC(=O)C1CCN(c2ncc(-c3cccc(N4CCCC4)c3)s2)CC1,0.102
GLBJJMFZWDBELO-UHFFFAOYSA-N,COc1ccc(-c2nc3ccc(C4=NNC(=O)CC4C)cc3[nH]2)cc1,0.916
DFRYLCMWNYBPSU-UHFFFAOYSA-N,CCN1CCC(N(Cc2ccc3c(c2)OCO3)C(=O)Nc2cc(Cl)ccc2C(=O)OC)CC1,0.068
PWEAXFDWYFUWGU-UHFFFAOYSA-N,Cc1ccc(-c2cc(C(=O)Nc3ccc(S(=O)(=O)N(C)Cc4nccs4)cc3)c3ccccc3n2)cc1C,1.0
FFZVWPDQPLTXDJ-UHFFFAOYSA-N,Nc1c(C(=O)N2CCCCC2)sc(=S)n1-c1ccccc1,0.863
HKZXAIUTSKUSIE-UHFFFAOYSA-N,CC1=C(C(=O)Nc2nnc(-c3ccccc3)s2)C(c2nn(C)cc2Cl)N=C(Nc2nc3ccccc3o2)N1,0.992
SAECCWGUNHTKAI-UHFFFAOYSA-N,CN(C)c1cccc(-c2nnc(N3CCC(C(N)=O)CC3)s2)c1,0.059
BQTPYGFVIPEAIV-UHFFFAOYSA-N,O=C(Nc1nnc(-c2cccs2)o1)c1ccc(Cl)cc1,0.945
IJHGSBPTTMCYAQ-UHFFFAOYSA-N,COc1cc(Cl)c(C)cc1NS(=O)(=O)c1c(C)nc2sccn2c1=O,0.148
GTEOWQGTWKPHSV-UHFFFAOYSA-N,Cc1ccc(S(=O)(=O)Nc2cc(Cl)ccc2C(=O)Nc2nc(-c3ccccc3)cs2)cc1,0.999
ZNENQHZYFKGUMB-UHFFFAOYSA-N,CCOC(=O)c1ccc(-n2cnc3cc(C(=O)N4CCCCC4)ccc32)cc1,0.293
ZIUBPJYPGKKGTR-UHFFFAOYSA-N,O=[N+]([O-])c1ccc(CNc2ccc([S+](=O)([O-])Nc3nccs3)cc2)c(O)c1,0.108
VKYIYKRCKXFNRW-UHFFFAOYSA-N,COc1ccccc1CN1CCNc2cc(Nc3ccccc3)ncc2C1,0.012
FMUBJPCZHLHGTG-UHFFFAOYSA-N,CCOc1ccc(Nc2nc(C)c(NC(=O)c3ccc(C)cc3)c(Nc3ccc(OCC)cc3)n2)cc1,1.0
ILIGQOSIMGEJNB-UHFFFAOYSA-N,c1ccc2c(NC3CCCCC3)nc(-c3ccncc3)nc2c1,1.0
VCCAETGONJLPKQ-UHFFFAOYSA-N,COc1cc(-c2nc(Nc3ccc(F)c(F)c3)c3ccccc3n2)ccn1,0.999
OPAHQTWJPPBGRE-UHFFFAOYSA-N,O=C(Nc1nc(-c2ccccc2)cs1)c1ccncc1NS(=O)(=O)c1ccc(-c2ccccc2)cc1,0.992
NSKCDDKIJVEIDK-RBUKOAKNSA-N,Cc1ccc(C(=O)[C@H]2CC[C@@H](C(=O)Nc3ccc(S(=O)(=O)Nc4nccs4)cc3)C2)cc1C,0.993
OGHNVEJMJSYVRP-UHFFFAOYSA-N,COc1ccccc1OCCNCC(O)COc1cccc2[nH]c3ccccc3c12,0.019
BIKCOAYAINIYAN-UHFFFAOYSA-N,COc1ccc(CN(C2CCCCC2C)S(=O)(=O)c2ccc(S(=O)(=O)N(C)C)cc2)cc1OC,0.992
LWYGTJRTASCSFA-UHFFFAOYSA-N,CC1CCN(S(=O)(=O)c2ccc3c(ccc(=O)n3CC(=O)NCc3ccc(Cl)cc3)c2)CC1,0.998
SNFJQENFGBSXKH-UHFFFAOYSA-N,O=C(NC1CC1)c1nc(-c2cccnc2)c2cnccn12,0.016
LYEJMTRCXPORAD-UHFFFAOYSA-N,Cc1ccc(S(=O)(=O)Nc2ccccc2N2CCCCC2)cc1,0.982
XFCLJVABOIYOMF-QPLCGJKRSA-N,CN(C)CCOc1ccc(/C(=C(/CCCl)c2ccccc2)c2ccccc2)cc1,0.533
NWXRRYWXZOVVRL-UHFFFAOYSA-N,N#Cc1cnccc1-c1nc(Nc2ccc(F)c(F)c2)c2ccccc2n1,0.987
ANKIFYBWMDNUFF-UHFFFAOYSA-N,CCc1ccc(NC(=O)c2[nH]c(C)c(C(C)=O)c2C)cc1[S+](=O)([O-])Nc1ccc(C#N)cc1,0.687
FLRPVXLMOJGRDV-UHFFFAOYSA-N,Cc1ccc(NS(=O)(=O)c2ccc3c(c2)NC(=O)CO3)cc1C,0.978
UPHZNHDQUZCWER-UHFFFAOYSA-N,Cc1ccccc1C(=O)N1CCc2cc(-c3nc(NC(=O)Cc4ccccc4)sc3C)ccc21,0.999
PDYICGHBYCZARH-UHFFFAOYSA-N,CCOc1ccc(CCNC(=O)c2ccc3ccccc3n2)cc1OCC,0.754
FQQYLHNLWWDMPC-UHFFFAOYSA-N,COc1ccc(CN2CCc3c(c(=O)n4ncc(C(=O)N5CCN(c6ccccc6OC)CC5)c4n3C)C2)cc1,0.072
XMZWHAOTROOYRQ-UHFFFAOYSA-N,CCOC(=O)c1[nH]c(C)c(CCC(=O)N2CCN(c3cc(Cl)ccc3C)CC2)c1C,0.992
NVTVBVHKAIAJEL-UHFFFAOYSA-N,CCOc1ccc(CN2C(=O)c3ccccc3Sc3ccc(C(=O)NC4CCC(C)CC4)cc32)cc1,0.999
DKNUPRMJNUQNHR-UHFFFAOYSA-N,COc1cc2ncnc(Oc3cccc(NC(=O)Nc4cc(C(C)(C)C(F)(F)F)on4)c3)c2cc1OC,0.993
HGBFXYITAOUWOU-UHFFFAOYSA-N,COC(=O)CNC(=O)c1nc(-c2ccc(Cl)cc2Cl)c2cnccn12,0.645
OHKPOOQMNMTQOB-UHFFFAOYSA-N,CN(C)CCNC(=O)c1nc(-c2ccccc2)cc2[nH]ccc12,0.005
FGDNPQGECCKYLW-UHFFFAOYSA-N,O=C(Nc1ccc(N2CCN(C(=O)c3ccccc3F)CC2)cc1)c1cncc(Br)c1,0.979
HICFFJZGXWEIHN-UHFFFAOYSA-N,CN(C)CCCN1c2ccc(O)cc2Sc2ccc(Cl)cc21,0.144
KPCUVDDRLJHNKP-UHFFFAOYSA-N,Clc1ccc(Nc2nc(-c3ccncc3)nc3ccccc23)cc1Cl,1.0
XOQUOBZQPFFOSV-UHFFFAOYSA-N,Nc1scc2c(C(=O)O)nn(-c3ccccc3)c(=O)c12,0.01
LMQKYHJHYUACHL-UHFFFAOYSA-N,COc1ccc(-n2nc(C3CCN(C(=O)c4ccccc4)CC3)[nH]c2=O)cc1,0.114
YFTFUJVVMUTTTM-UHFFFAOYSA-N,CC(=O)N1CCc2c(sc3c2c(=O)n(-c2ccccc2)c(=O)n3Cc2cccc(C(F)(F)F)c2)C1,0.913
HAAMSIZPGWYWMM-UHFFFAOYSA-N,Cc1cc(-c2nnc3n2CCCCC3)c(C)n1-c1ccc([N+](=O)[O-])cc1,0.004
RELYTYMFLMSHQI-UHFFFAOYSA-N,COc1ccc(Nc2nc(-c3ccncc3)nc3ccccc23)cc1F,0.999
OPUOEPLVISTJNJ-UHFFFAOYSA-N,CC(=O)Nc1ncc(S(=O)(=O)Nc2cnccc2C(=O)Nc2nc(-c3ccccc3)cs2)s1,0.067
RSHLKSTVFWVGBU-SANMLTNESA-N,COC(=O)[C@H](Cc1ccc(O[S+](=O)([O-])c2cccc3cnccc23)cc1)N[S+](=O)([O-])c1ccc2cnccc2c1,0.986
TVJGXHWAAUWSEW-UHFFFAOYSA-N,Cc1cc(C)nc(NC(=S)N2CCN(c3nccc(C(F)(F)F)n3)CC2)c1,0.919
YFSUZNLARLUKKP-UHFFFAOYSA-N,C=Cc1ccc(Cn2c(C(=O)O)c(CNCc3ccccc3)c3ccc(OC)cc32)cc1,0.491
NETXMUIMUZJUTB-UHFFFAOYSA-N,COc1cc(OC)c2c(=O)[nH]c(-c3cc(C)c(OCCO)c(C)c3)nc2c1,0.722
BJXRJZAZGRGSLG-UHFFFAOYSA-N,COc1ccccc1Nc1ccnc(N2CCN(C(=O)c3ccc(C)cc3)CC2)n1,0.898
UPLAQKIMKDWICQ-UHFFFAOYSA-N,CCC(=O)NC(c1ccco1)c1cc(Cl)c2cccnc2c1O,0.919
BDXVOZXBHGEZSC-UHFFFAOYSA-N,FC(F)(F)c1cccc(N2CCN(C(=S)Nc3ccccn3)CC2)c1,0.82
RJXZKISQBUFFDL-UHFFFAOYSA-N,NC(=O)C1CCN(c2nc(-c3ccccc3)cs2)CC1,0.137
BQINENDEUIXMAZ-XYOKQWHBSA-N,COc1ccc(/C=C2/C(=O)Nc3ccccc32)cc1O,0.972
ZSDADIUEGBFRSE-UHFFFAOYSA-N,COc1ccc(NC(=O)c2c(C)cccc2C)cc1[S+](=O)([O-])N(C)C,0.045
NSJMDDJWOHFIPX-UHFFFAOYSA-N,c1ccc(CNc2cc3c(cn2)CN(Cc2cccnc2)CCN3)cc1,0.003
NDAZATDQFDPQBD-UHFFFAOYSA-N,CCNC(=O)c1noc(-c2cc(C(C)C)c(O)cc2O)c1-c1ccc(CN2CCOCC2)cc1,0.054
HSMKHRRWGWNSGN-UHFFFAOYSA-N,CC(=O)N1CCc2c(sc3c2c(=O)n(-c2ccccc2Cl)c(=O)n3Cc2cccc(C)c2)C1,0.766
URNWMAJJDMHFMY-UHFFFAOYSA-N,CC(=O)c1c(C)[nH]c(C(=O)Nc2cccc([S+](=O)([O-])Nc3cccnc3)c2)c1C,0.01
JLTGWNGXPNHIFU-UHFFFAOYSA-N,O=C(Nc1ccccc1)C1CCN(c2ncc(-c3ccc4c(c3)OCCCO4)s2)CC1,0.993
HMYDBUSJIVTQGO-UHFFFAOYSA-N,Cc1ccc(C(=O)Nc2nc3nc(-c4ccccc4)cc(=O)n3[nH]2)cc1,0.975
MAHHNZSNKYONTR-UHFFFAOYSA-N,COc1cccc(CNc2ccc(S(=O)(=O)Nc3cc(C)on3)cc2)c1O,0.084
ODEBMYHNSVJCHR-UHFFFAOYSA-N,O=C(Nc1cccc(Cc2ccccc2)c1)c1ccc(-c2cccc([N+](=O)[O-])c2)o1,1.0
GXOSMVDGSFKHTK-UHFFFAOYSA-N,O=C(c1cnn(-c2cccc(F)c2)c1-n1cccc1)N1CCN(c2ccccc2F)CC1,0.89
MINZFYQXLFUKJR-UHFFFAOYSA-N,CNC(=O)c1cccc(-c2cnc(Nc3cccc(C(F)(F)F)c3)c3c2CCO3)c1,0.982
CSKNEEDIYFPRFG-UHFFFAOYSA-N,Cc1ccc(S(=O)(=O)Nc2cnccc2C(=O)Nc2nc(C3CCC3)cs2)cc1,0.294
BIULKRLGGXEEIO-UHFFFAOYSA-N,Fc1ccc(Nc2nc(-c3ccnc4ccccc34)nc3ccccc23)cc1F,0.997
GFTVOPOIDIPADM-UHFFFAOYSA-N,Fc1cc(F)cc(Nc2nc(-c3ccncc3)nc3ccccc23)c1,1.0
AZXQALFSWSNZLN-UHFFFAOYSA-N,CCOc1ccc(OCC)c(NC(=O)C(NS(=O)(=O)c2ccc(Br)s2)c2ccccc2)c1,0.822
FOZLMGCSCOYQHP-UHFFFAOYSA-N,COc1cc(Nc2nc(-c3ccncc3)nc3ccccc23)ccc1N1CCN(C)CC1,0.199
KTXJOYJUQJHWDU-UHFFFAOYSA-N,Cc1ccc(S(=O)(=O)Nc2ccccc2Nc2nc(-c3ccccc3)cs2)cc1,0.998
ZEPFGXKZWPKGJP-UHFFFAOYSA-N,COc1ccc(-c2cc(-c3cccc(NC(C)=O)c3)cn3cncc23)cn1,0.69
NHZQNJOZKHPRKI-UHFFFAOYSA-N,COc1cc(C(=O)NC2CCCc3c2[nH]c2ccccc32)cc(OC)c1OC,0.961
GZFBOMZAQBAFPC-UHFFFAOYSA-N,COc1cc(CNCCO)cc(Cl)c1OCc1ccc(Cl)cc1Cl,0.651
FBQWJGAANBICJK-UHFFFAOYSA-N,Cc1cc(N2CCN(c3ccccc3)CC2)nc(-n2nc(C)cc2C)n1,0.591
RUKTTYRDMIRNMF-UHFFFAOYSA-N,Cc1ccc2nc(-c3ccccn3)c(Nc3ccccc3C)n2c1,0.761
ZAXKSLQZANTESC-UHFFFAOYSA-N,Cc1[nH]c2ccccc2c1CN1CCN(c2ccccn2)CC1,0.005
AHBIRSCEARQARK-RVDMUPIBSA-N,N#C/C(=C\c1ccc(-c2ccc(C(=O)O)cc2)o1)c1nc2ccccc2[nH]1,0.365
XSTQMHAERXDEHZ-UHFFFAOYSA-N,COc1cc(NS(=O)(=O)c2ccc(C)cc2)cc(C(=O)Nc2nc(-c3ccccc3)cs2)c1,0.999
PPAKBXRFSYOERM-UHFFFAOYSA-N,COc1ccc(-c2ccc3ncc(Nc4ccc(C(N)=O)cc4)n3n2)cc1OC,0.881
SWNHLEMLTLITMQ-UHFFFAOYSA-N,Cc1cc(-c2nnc3n2CCCCC3)c(C)n1-c1ccc(C#N)cc1,0.001
JZCWLJDSIRUGIN-UHFFFAOYSA-N,CNCc1ccc(-c2cc(-c3nc(-c4ccc(S(=O)(=O)C(C)C)cc4)cnc3N)on2)cc1,0.302
BMVCYZASRBQFAY-UHFFFAOYSA-N,COc1ccc(-n2c(C)cc(-c3nnc4n3CCCCC4)c2C)cc1,0.0
KUKNTWNRWLTOFW-UHFFFAOYSA-N,Cc1cccc(C)c1NC(=O)c1nc(SC(C)C)ncc1Cl,0.908
FGSAIFMDWKPIBH-UHFFFAOYSA-N,CCCn1cnc2cc(NCc3ccc(OC)cc3OC)ccc21,0.008
HGRHXNRVXGLWLA-UHFFFAOYSA-N,CC(=O)Nc1cccc(-c2csc(Nc3cc(C)ccn3)n2)c1,0.987
JYYRTWNCBVRKMN-UHFFFAOYSA-N,C1CCc2nc3c(nc2C1)CCCC3,0.0
OZIYHSYPRLZCRL-SXLOBPIMSA-N,Cc1nc(-c2ccco2)cc([C@H]2CN3CC[C@H]2C[C@@H]3CNC(=O)NC2CCCCC2)n1,0.001
ACIFSDKVAYNCNV-UHFFFAOYSA-N,COCC(C)NCc1cc2ccc(OC)cc2nc1N1CCN(c2ccc(F)cc2)CC1,0.015
KCBPXRXTIGQYGB-UHFFFAOYSA-N,CCCCOC(=O)c1ccnc2cc(C(OCCN3CCCCC3)c3ccccc3Cl)sc12,0.902
DPRZKNDPFKQQOC-UHFFFAOYSA-N,Cc1cccc(Nc2nc(NCc3ccco3)c3ccccc3n2)c1,0.974
TUEJIDNHDMASIC-UHFFFAOYSA-N,CNC1CCC(N(Cc2ccc(OC)c(-c3ccc(C#N)cc3)c2)C(=O)c2sc3ccccc3c2Cl)CC1,0.177
DWZXUQHXRSARDI-UHFFFAOYSA-N,CCOc1ccc(-c2nc(SCC(=O)Nc3ccc(C)c(C)c3)n3[nH]c(=O)cc3n2)cc1,0.999
DNWDRRNPHSEMMW-UHFFFAOYSA-N,CCCN1CNc2c(c(=O)[nH]c(=S)n2CCc2ccc(OC)c(OC)c2)C1,0.006
ISALGMVRJMVITH-UHFFFAOYSA-N,Cc1cc(C)cc(NS(=O)(=O)c2ccc3[nH]cc(C(=O)NCc4ccco4)c(=O)c3c2)c1,0.638
YRNMYIIVQSCJQD-UHFFFAOYSA-N,COc1cc(NC(=O)c2cc(-c3ccccc3O)no2)cc(OC)c1OC,0.99
GPMINBJFULXBNP-UHFFFAOYSA-N,COc1ccc(C)cc1-n1nnnc1Sc1ncnc2scc(-c3ccc(Br)cc3)c12,0.999
FECFLGLBRXVBBC-UHFFFAOYSA-N,NC1CCN(C(=O)C2CCCN(c3nc(-c4ccccc4)nc4c3CCC4)C2)CC1,0.0
NMDDJJOEMTXRKJ-UHFFFAOYSA-N,COc1ccc(Cn2c(C(=O)O)c(CNCc3ccco3)c3ccc(C)cc32)cc1,0.267
MESNSNRRDBCLON-UHFFFAOYSA-N,Fc1ccc(Nc2nc(-c3ccncc3F)nc3ccccc23)cc1F,0.994
XUIUXXQVHPEQNM-UHFFFAOYSA-N,Fc1ccccc1CNCc1ccc(-c2ccnc3[nH]ccc23)cc1,0.426
ILTWUUDBGOJLLX-UHFFFAOYSA-N,COc1cc(C(=O)N2CCN(c3cc(Cl)ccc3Cl)CC2)cc(OC)c1OC,0.985
XSAYTXZACWKODG-UHFFFAOYSA-N,O=C1CCCC2=C1C(c1ccccc1Cl)N=C(Nc1nc3ccccc3o1)N2,0.995
WVBBZRKMUCFKOD-UHFFFAOYSA-N,Oc1ccccc1CN1CCNc2cc(Nc3ccccc3)ncc2C1,0.118
CYNGWEJDWSSTDH-UHFFFAOYSA-N,O=c1c2c([nH]c3ccc(Br)cc13)CCCC2,0.964
CFTGHSWLDXQOHS-UHFFFAOYSA-N,Cc1nn2c(c1-c1ccccc1-c1ccccc1)N(Cc1ccc(C(=O)O)s1)CCC2,0.02
XWXGWAFKWKXKQM-UHFFFAOYSA-N,CCOc1ccc(-c2cn3c(n2)sc2cc(C(=O)NCCCN(CC)CC)ccc23)cc1,0.024
LBPYNNJXARHGAG-UHFFFAOYSA-N,Fc1ccc(Nc2nc(-c3ccncc3)nc3ccccc23)cc1F,0.999
NLTGJJYOYOFEBV-UHFFFAOYSA-N,Cc1cc(C)cc(C(=O)Nc2ccc3c(N4CCCC4)ncnc3c2)c1,0.971
UGJVRSZJQAHWPK-UHFFFAOYSA-N,CS(=O)(=O)Nc1cccc(-c2nccc(-n3ccnc3)n2)c1,0.212
FFYKSYPAGAQOFV-UHFFFAOYSA-N,Nc1nc2c(s1)C(c1cccc(F)c1F)CC(=O)N2,0.133
UZXZPENETHYBIN-UHFFFAOYSA-N,CCCOC(=O)c1ccc(Oc2c(-c3ccc(O)cc3O)n[nH]c2C)cc1,0.953
SOCRSDFUFQUFAI-UHFFFAOYSA-N,CCCc1oc2ccc(NS(=O)(=O)c3ccc(OC)cc3)cc2c1C(=O)OCC,0.989
GJYPMTHSXAOZHG-UHFFFAOYSA-N,CN(C)c1cccc(-c2ccnc(N3CCC(C(N)=O)CC3)n2)c1,0.057
QHNHPFMSCVOBHW-UHFFFAOYSA-N,CNC(=O)C1CCN(C(=O)c2ccc(-c3ncc4cnc(-c5ccccc5)cn34)cc2)CC1,0.056
,,
QNMKOBTZYCVTEF-UHFFFAOYSA-N,CCOc1ccc(CCNC(=O)c2cc3sccc3n2Cc2ccc(F)cc2F)cc1OCC,0.982
CXEXTVGTDZRKJS-LLVKDONJSA-N,CC(C)c1cc(C(=O)N2CC[C@@H](NC(=O)C3CC3)C2)n[nH]1,0.009
UHSKFQJFRQCDBE-UHFFFAOYSA-N,CCCN(CCC)CCc1cccc2c1CC(=O)N2,0.003
IVTZRBISUPPGSN-UHFFFAOYSA-N,Cc1ccccc1S(=O)(=O)N1CCCC(CCC(=O)NCCN(C)C2CCCCC2)C1,0.055
LTHOPIBLRVRXLD-UHFFFAOYSA-N,COC(=O)c1ccnc(-c2cc(C(=O)NCCc3ccccc3)ccn2)c1,0.058
IHSZTNPFHUBNGG-UHFFFAOYSA-N,Cc1cccc(-n2cnc3cc(C(=O)N4CCCC(C)C4)ccc32)c1,0.103
MSTHFJSQYSEKCP-UHFFFAOYSA-N,NC(=O)C1CCN(c2nc(-c3cccc(F)c3)cs2)CC1,0.11
ILVXOSZVYKPRKR-UHFFFAOYSA-N,O=C(NC1CC1)c1nc(-c2cccnc2)c2ccccn12,0.127
FHVNWSLMAQQCSI-UHFFFAOYSA-N,CCc1c(C)nc2c(-c3cnn(-c4cc(CO)ccn4)c3)c[nH]n2c1=O,0.402
FDVNUPRWZNGNBO-UHFFFAOYSA-N,Cc1ccc2c(c1)N(S(=O)(=O)c1cc(-c3onc(C)c3C)ccc1C)CCO2,0.993
VWTYTUHDVPGBTA-UHFFFAOYSA-N,CCOc1ccc(NC(=O)CSC2=Nc3ccccc3C3=NC(CC(=O)NCc4cccs4)C(=O)N23)cc1,0.028
XOLXCSSMJAOYOU-UHFFFAOYSA-N,CCCCn1cnc2cc(NC(=O)c3cc(OC)c(OC)c(OC)c3)ccc21,0.495
UHMNNAQYABELEO-UHFFFAOYSA-N,O=C(Nc1cncc(Cc2ccccc2)c1)c1ccc(-c2cccc([N+](=O)[O-])c2)o1,0.999
VGQCKBGAEMXKRE-UHFFFAOYSA-N,Cc1ccc(S(=O)(=O)Nc2ccccc2C(=O)Nc2cccc(-c3ccccc3)c2)cc1,0.999
SVSPDQUBLNMZOS-UHFFFAOYSA-N,NC(=O)C1CCN(c2nc(-c3cccc(Cl)c3)cs2)CC1,0.521
LBIFWJBFUWPZLT-STQMWFEESA-N,NC(=O)NCC(=O)N[C@H]1CC[C@H](Nc2nccc(-c3ccncc3)n2)C1,0.021
AVZCPICCWKMZDT-UHFFFAOYSA-N,O=C(O)CCNc1cc(N2CCc3ccccc3CC2)nc(-c2ccccn2)n1,0.001
JYDMICLEWULGCS-UHFFFAOYSA-N,Cc1ccc(CNc2ccccc2C(=O)Nc2nc(-c3ccccc3)cs2)cc1,1.0
YQNOQZALLOQMPY-UHFFFAOYSA-N,Cc1cccc(-n2cnc3cc(C(=O)N4CCCCC4)ccc32)c1,0.017
KKXLLYAHASIMSJ-UHFFFAOYSA-N,C#CCNC(=O)c1nc(-c2ccc(Cl)nc2)c2ccccn12,0.894
FEDMRGHSJHSXOK-UHFFFAOYSA-N,O=C(Cc1ccc(Cl)c(Cl)c1)Nc1ccc(S(=O)(=O)Nc2ccccc2)cc1,0.995
OLWRVVHPJFLNPW-UHFFFAOYSA-N,N#Cc1ccc2c(c1)CCN(CCC1CCC(NC(=O)c3ccnc4ccccc34)CC1)C2,0.019
OXGIASHTSLAMHY-UHFFFAOYSA-N,CC(=O)c1c(C)[nH]c(C(=O)Nc2ccc(Cl)cc2)c1C,0.946
ZXWXIZPKHGCBJI-UHFFFAOYSA-N,O=C(c1cnc(N2CCCCC2)c2ccccc12)N1CCN(c2ccccn2)CC1,0.111
JGIYRSSMJIBQIC-UHFFFAOYSA-N,Fc1cc(Nc2nc(-c3ccncc3)nc3ccccc23)ccc1-c1cccc(OC(F)(F)F)c1,1.0
CJWYVVIUOLZHCU-UHFFFAOYSA-N,Cc1ccc(-c2cc(C(=O)NC3CCCCC3)c3ccccc3n2)cc1,0.997
VTCJZEIDWGDZPP-UHFFFAOYSA-N,NC(=O)C1CCN(c2ncc(-c3ccc4c(c3)OCO4)s2)CC1,0.636
HUWYRKYOJXLBIO-UHFFFAOYSA-N,Cc1cc(C)nc(NC(=S)N2CCN(c3cccc(OC(F)F)c3)CC2)c1,0.879
NOYRBQNNSOQECY-UHFFFAOYSA-N,Cc1noc(C)c1CN1CCNc2cc(Nc3ccccc3)ncc2C1,0.002
AAEXQYYVPPXHGV-UHFFFAOYSA-N,Nc1ccccc1OCCn1c(CCNC(=O)C2CCCCC2)nc2ccccc21,0.099
XNLOWBUSWAIMQM-UHFFFAOYSA-N,COc1ccc(OC)c(Nc2c3c(nc4ccccc24)CCC3)c1,0.1
ZZVXVMRMJNDKKA-UHFFFAOYSA-N,O=C1c2ccccc2C2=Nc3ccccc3SC(c3ccccc3F)C12,0.984
KPRTURMJVWXURQ-UHFFFAOYSA-N,CCOP(=O)(Cc1ccc(C(=O)Nc2ccc(Br)cc2C#N)cc1)OCC,0.331
MLUNGEBDRPMDMW-UHFFFAOYSA-N,COc1ccccc1Nc1ccnc(N2CCN(C(=O)c3ccc(F)cc3)CC2)n1,0.833
BCEDTUZUUXMOKL-UHFFFAOYSA-N,Nc1c(-c2ccccc2)cnc2c(-c3ccccc3)cnn12,0.999
RDUDMQGGHIBWHR-UHFFFAOYSA-N,Cc1ccc(-c2cc(C(=O)Nc3ccc(S(N)(=O)=O)cc3)c3cccc(C)c3n2)cc1C,0.998
VYPHKWIOBDUDQX-UHFFFAOYSA-N,CN(C)c1ccc(-c2csc(N3CCC(C(N)=O)CC3)n2)cc1,0.265
OXCMSADYSGMAJI-UHFFFAOYSA-N,CCOC(=O)N1CCN(Cc2nc3c(c(=O)n(C)c(=O)n3C)n2Cc2ccc(F)cc2)CC1,0.072
JWRLEFGWNKDQRU-UHFFFAOYSA-N,CCN1C(=O)c2ccccc2[S+]([O-])c2ccc(NC(=O)Cc3ccc(F)cc3)cc21,0.86
PLWRPJJSHKYYDJ-UHFFFAOYSA-N,Cc1ccc(S(=O)(=O)Nc2ccccc2C(=O)Nc2nc(-c3ccccc3)c(Br)s2)cc1,0.997
YZAMLKAIZCMMDO-UHFFFAOYSA-N,Cc1ccc(S(=O)(=O)Nc2cccnc2C(=O)Nc2nc(-c3ccccc3)cs2)cc1,0.993
JWQOJVOKBAAAAR-UHFFFAOYSA-N,COc1ccc(-c2cc3nccn3c(Nc3ncccc3C(N)=O)n2)cc1OC,0.215
OBLJLMQWUSSTBN-UHFFFAOYSA-N,O=S(=O)(Nc1ccccc1)c1ccc(NCc2ccc(Br)cc2O)cc1,0.992
NWTCZMBKFFZZFX-UHFFFAOYSA-N,O=C(Nc1ncc(Cc2ccc(C(F)(F)F)cc2)s1)c1cnc(-c2ccccc2)[nH]1,0.997
RRCODNYFSVSVKT-UHFFFAOYSA-N,CCc1ccc(OC(C)C(=O)N2CCC(c3nc4ccccc4o3)CC2)cc1,0.574
ORWATEOISLOZDM-UHFFFAOYSA-N,O=C(c1ccc2ncccc2c1)N1CCc2c(nc3cc[nH]n3c2=O)C1,0.188
LWONZLCXDLRXFE-UHFFFAOYSA-N,Cc1ccc(S(=O)(=O)Nc2cnccc2C(=O)Nc2nc(-c3nc4ccccc4s3)cs2)cc1,0.948
DQKRSQKWOWWRJR-UHFFFAOYSA-N,Cc1ccnc(NC(=S)N2CCN(c3ccc(Cl)cc3Cl)CC2)c1,0.997
ARGWKCNXOVDSJY-UHFFFAOYSA-N,COc1ccccc1C(=O)Nc1ccccc1C(=O)Nc1cccc(C(F)(F)F)c1,0.992
PFAYJJZRASFRBB-UHFFFAOYSA-N,Nc1nc(N)c2cc(Sc3ccc4ccccc4c3)ccc2n1,1.0
QIKGPUWYEAQZGN-XBXARRHUSA-N,O=C1Nc2cccc(Cl)c2/C1=C\c1cc(Cl)c(O)c(Cl)c1,0.798
AJSKOLZKIUMPPG-YCRREMRBSA-N,NC(=O)C(=O)N/N=C/c1ccc([N+](=O)[O-])o1,0.01
FQLYMLNDOPGYNV-UHFFFAOYSA-N,Cc1cccc(OCC(=O)Nc2ccc3nc(Nc4cccc(Cl)c4)cc(C)c3c2)c1,1.0
QRLORHYUMDVHRP-UHFFFAOYSA-N,CC(C)(C)C1CCc2nc(NC(=O)c3cccc(Cl)c3)sc2C1,1.0
BCMNQBIJIUVNIW-UHFFFAOYSA-N,COc1ccccc1-c1nc(NCc2ccc(-c3cccnc3)cc2)c2ccccc2n1,0.946
YIDDLAAKOYYGJG-UHFFFAOYSA-N,Cc1cc(F)c(C(=O)Nc2cccc(-c3nncn3C(C)C)n2)cc1-n1cnc(C2CC2)c1,0.035
LCMQRGYBMPOFKO-UHFFFAOYSA-N,Cc1nc2ccc(Nc3nc(-c4ccncc4)nc4ccccc34)cc2s1,0.999
QXFUIEDAJJGUJX-UHFFFAOYSA-N,Cn1c(=O)c2c(nc(Cl)n2Cc2ccc(Cl)cc2)n(C)c1=O,0.882
DYLUUSLLRIQKOE-UHFFFAOYSA-N,CC(C)(O)CNc1nc(Nc2ccnc(C(F)(F)F)c2)nc(-c2cccc(C(F)(F)F)n2)n1,0.027
TZZISDZOBASIEO-UHFFFAOYSA-N,Cc1ccc(C(N)=O)cc1Nc1nccc(-c2cn(C(C)C)c3cnccc23)n1,0.128
IBWIAHQQJVGIDZ-UHFFFAOYSA-N,Oc1ccc(CNc2ccccc2F)c2cccnc12,0.98
LVZDWONCARRZMK-RUDMXATFSA-N,O=C1Nc2c(Cl)cccc2/C1=C\c1cc(Cl)c(O)c(Cl)c1,0.857
YRQGARKVIQQXCA-UHFFFAOYSA-N,CC(C)(C)c1ccc(C(=O)N2CC(=O)Nc3ccc(F)cc3C2c2ccc(F)cc2)cc1,0.936
IGIPSUCYDDNAQY-JTYJAPAGSA-N,CCN1C(=O)c2ccccc2[S@+]([O-])c2ccc(C(=O)N[C@H](C)c3ccc4ccccc4c3)cc21,0.817
CRUAVEYZWKXYLS-UHFFFAOYSA-N,CNc1nccc(-c2cccc3ccccc23)n1,0.872
XYCGAHJDVGYNKA-UHFFFAOYSA-N,Cn1nnnc1SCCCNCc1cccc(OCc2ccccc2Cl)c1,0.03
JQDFUUOQLZWLDG-UHFFFAOYSA-N,CCN1CCN(c2ncc3c(n2)CCN(Cc2cc(Br)cs2)C3)CC1,0.004
YGBXTZKBVATPOP-UHFFFAOYSA-N,COc1ccc(-c2nc3c(c(SCC(=O)Nc4ccc(C(=O)O)cc4)n2)Cc2ccccc2O3)cc1,0.923
USYHSKFJLSOEQI-UHFFFAOYSA-N,Cn1ccc2c(C(=O)NCc3cccnc3)nc(-c3ccccc3C#N)cc21,0.271
KXNXWINFSDKMHD-UHFFFAOYSA-N,CC(=O)Nc1ccc(S(=O)(=O)Nc2nccs2)cc1,0.046
DEXVFDNMCKSIRH-UHFFFAOYSA-N,O=S(=O)(Nc1nc2n(n1)C(c1ccccc1)C=C(c1ccc(Cl)cc1)N2)c1ccccc1,0.999
OLEQCNOJJJGQKW-UHFFFAOYSA-N,COc1ccc(-n2c(C)c(C(C)=O)c3cc(OC(=O)COc4ccccc4)ccc32)cc1,0.995
QDALJICMDNUDOR-UHFFFAOYSA-N,Cc1cnc(-c2ccccc2C(F)F)nc1NCc1ccc(-c2cccnc2)cc1,0.983
GVGVYDCVFBGALZ-UHFFFAOYSA-N,Cc1ccc2cccc(NC(=O)c3ccc(OC(C)C)cc3)c2n1,0.994
ALPNKCXYUONXDR-UHFFFAOYSA-N,Cc1ccc(-c2cc(C(=O)Nc3ccc(S(=O)(=O)Nc4ccc(C#N)cc4)cc3)c3ccccc3n2)cc1C,0.998
KREXNTZCOVZMKX-UHFFFAOYSA-N,Cc1cnc(-c2ccccc2C(C)C)nc1NCC1CCN(c2cccnc2)CC1,0.307
BBQRBOIMSKMFFO-LTGZKZEYSA-N,O=C(O)c1ccc(N2C(=O)/C(=C/c3ccc(-c4ccc([N+](=O)[O-])cc4)o3)C=C2c2ccccc2)cc1,0.825
YYYDMRRTUGTPQR-UHFFFAOYSA-N,COc1ccc(NC(=O)c2c(C)cccc2C)cc1[S+](=O)([O-])N1CCCCC1,0.346
SYUVCXDGOBEGOL-NTCAYCPXSA-N,CCOc1ccc(/C=C/c2nc3ccccc3n2S(=O)(=O)c2cccc(Cl)c2)cc1,1.0
VPVBRPZCLWKVIY-UHFFFAOYSA-N,Cc1ccc(C)c(CN2CCC(CNC(=O)Nc3ccc(Br)cc3F)CC2)c1,0.039
IYACHNPMFWEHIE-UHFFFAOYSA-N,Cc1ccc(-c2ccnc(N3CCC(C(N)=O)CC3)n2)cc1,0.684
HLVGVGCIJRBRQW-UHFFFAOYSA-N,CCOC(=O)c1nn(-c2ccccc2)c(=O)c2c(N)scc12,0.824
LCRFPEKZQIVFKI-UHFFFAOYSA-N,COc1cccc(CNc2ccc(S(=O)(=O)Nc3ccc(N4CCNCC4)nc3)cc2)c1O,0.101
URDWWAFYUDJORM-UHFFFAOYSA-N,O=[S+]([O-])(Nc1ccccc1)c1ccc(NCc2cccc(Cl)c2F)cc1,0.979
RWCUTTWPPULUEZ-PMSKXDBLSA-N,CC[C@H]1CN2CCC3CC(OC)C(OC)CC3[C@@H]2C[C@@H]1C[C@H]1NCCC2=C1CC(OC)C(=O)C2,0.008
VIGXACAWTHNBIU-RBBKRZOGSA-N,COCCNC(=O)[C@H]1C[C@H](Oc2ccccc2)CN1Cc1ccc2[nH]ccc2c1,0.045
KDZHMDUGYNDEBQ-UHFFFAOYSA-N,Cc1cc(C)c(CNC(=O)c2nc(-c3cccc(CO)c3)cc3c2ccn3C)c(=O)[nH]1,0.622
FWABSMRBOKADMR-UHFFFAOYSA-N,COc1cccc(OC)c1C(=O)Nc1ccccc1C(=O)Nc1cccc(C(F)(F)F)c1,0.981
YOVNFNXUCOWYSG-UHFFFAOYSA-N,CCn1c(-c2nonc2N)nc2cnc(Oc3cccc(NC(=O)c4ccc(OCCN5CCOCC5)cc4)c3)cc21,0.973
ZNXTXNZLEQPOGS-UHFFFAOYSA-N,CC(=O)N1CCc2c(sc3c2c(=O)n(-c2ccccc2)c(=O)n3CC(=O)c2ccccc2)C1,0.747
GQZPLTPYSQYTFB-UHFFFAOYSA-N,C=CC(=O)N1CCCN(c2cc(NCCC(=O)O)nc(-c3ccccn3)n2)CC1,0.0
GGNWMCKZFWBJHZ-UHFFFAOYSA-N,CCCc1nnc(NC(=O)c2nc(S(=O)(=O)Cc3ccc(C)cc3)ncc2Cl)s1,0.588
XEOXMNIZDFYNRE-UHFFFAOYSA-N,Cc1ccc(NC(=O)c2cc(S(=O)(=O)NCCC3=CCCCC3)ccc2F)cc1F,0.994
KHFVLMBXEWCALZ-UHFFFAOYSA-N,Cc1noc(C)c1C(=O)N1CCC2(CCCN(C(c3ccccc3)c3ccccc3)C2)CC1,0.88
UEQMGBUOQIMFCR-UHFFFAOYSA-N,CC(=O)Nc1ccc(-c2csc(N3CCC(C(N)=O)CC3)n2)cc1,0.243
RLLOTGNQEUTEMC-UHFFFAOYSA-N,COc1cccc(CNc2ccc(S(=O)(=O)Nc3nccs3)cc2)c1N,0.253
NAEWXXDGBKTIMN-OCBGEMMSSA-N,C=C1[C@@H](C)C2[C@H](Cc3ccccc3)NC(=O)[C@@]23C(/C=C/C[C@H](C)C[C@@](C)(O)/C=C/[C@@H]3OC(C)=O)[C@@H]1O,0.704
RTIXKCRFFJGDFG-UHFFFAOYSA-N,O=c1cc(-c2ccccc2)oc2cc(O)cc(O)c12,0.744
MGHORTOKORHTFC-UHFFFAOYSA-N,Fc1ccccc1-c1nc(NCc2ccc(-c3cccnc3)cc2)c2ccccc2n1,0.986
FMJZREWCZDABCY-UHFFFAOYSA-N,N=c1c2c(n(Cc3ccccc3)c3c1CCC3)CCC2,0.0
VUHNOGMONGXEGG-UHFFFAOYSA-N,Cc1cc(Br)ccc1NC(=O)C(NS(=O)(=O)c1cccs1)c1ccccc1,0.891
HBWMFGJJCXKJLR-UHFFFAOYSA-N,COc1ccc(-n2nc(C3CCCN(C(=O)Nc4ccccc4)C3)[nH]c2=O)cc1,0.045
OYEREKJYGUHXII-UHFFFAOYSA-N,N#Cc1ccc(NS(=O)(=O)c2ccc(NC(=O)Cc3ccc(F)c(Cl)c3)cc2)cc1,0.934
RFWSTRXQURKZDG-UHFFFAOYSA-N,Cn1cc(Cl)c(C2N=C(Nc3nc4ccccc4o3)NC3=C2C(=O)CCC3)n1,0.606
AQFAZOZBWBGLSX-UHFFFAOYSA-N,COc1ccc(C2C=C(c3ccc(Cl)cc3)Nc3nc(-c4ccc(Cl)cc4)nn32)cc1,1.0
LLPBUXODFQZPFH-UHFFFAOYSA-N,CC1(C)C(=O)NC2=C1C(=O)C(=O)c1ccccc12,0.003
AZZIXNGNPUXLKZ-UHFFFAOYSA-N,Cc1ccc(S(=O)(=O)Nc2cc(Cl)cc(C(=O)Nc3nc(-c4ccccc4)cs3)c2)cc1,1.0
ZOFGHOPZDDJVFA-UHFFFAOYSA-N,O=C1CCc2cc(S(=O)(=O)Nc3ccc(F)c(Cl)c3)ccc2N1,0.617
CBRUAMMPCJIORF-UHFFFAOYSA-N,O=C(Nc1nc(-c2ccccc2)cs1)c1ccccc1[N+](=O)[O-],0.986
LYGYLEPKPBJNGQ-UHFFFAOYSA-N,CS(=O)(=O)N1CCN(c2nc(-c3ccc(Br)cc3)cs2)CC1,0.996
XXUFNNVFZFVKGP-UHFFFAOYSA-N,CCOC(=O)N1CCN(C(=O)Cn2sc3nc(C)cc(C)c3c2=O)CC1,0.002
HPHWWCGTFRXFSX-UHFFFAOYSA-N,COc1ccc(OC)c(CNc2ncnc3onc(C)c23)c1,0.423
TUTLRKKYUXPDGN-HNNXBMFYSA-N,COc1c(O)ccc2c1CN1CCc3cc4c(cc3[C@@H]1C2)OCO4,0.076
QTIYBXLKHOGOMW-UHFFFAOYSA-N,Cc1ccnc(NC(=S)N2CCN(c3ncc(C(F)(F)F)cc3Cl)CC2)c1,0.97
IJPVGGQIVOIEAF-UHFFFAOYSA-N,O=C(Nc1cccc(S(=O)(=O)C(F)(F)F)c1)c1ccccc1NC(=O)c1ccccc1OCC(F)(F)F,0.958
QLTWHYMYUUVCBH-UHFFFAOYSA-N,CN1CCN(c2cc(-c3nc(Nc4ccc(F)c(F)c4)c4ccccc4n3)ccn2)CC1,0.775
TWQXNSMGMAMVDY-UHFFFAOYSA-N,CCOc1ccccc1CNS(=O)(=O)c1ccc(-c2cnc(C3CC3)o2)cc1,0.999
MGMZLRLPUYVFOC-HNNXBMFYSA-N,Fc1ccc(CN2CCOC[C@H]2c2ncc(-c3ccc(Cl)s3)[nH]2)cc1,0.814
IOCDUGJOPNOXSY-CMDGGOBGSA-N,O=c1cc(/C=C/c2c(F)cccc2Cl)[nH]c2ccccc12,0.99
UCMORWNYFFARFL-UHFFFAOYSA-N,CCOc1ccc(CCNC(=O)c2cc3ncccc3n2Cc2cccc(C)n2)cc1OCC,0.016
MSOUCVXDWWIFTI-UHFFFAOYSA-N,COCc1cc(C)nc(SCC(=O)c2ccc(O)c(O)c2)c1C#N,0.015
FPOLDOSRPLROAZ-NNWRFLSQSA-N,Cc1nc(-c2ccccc2)cc([C@H]2CN3CC[C@H]2C[C@@H]3CNC2CCOCC2)n1,0.001
RYCBEGMWBUYSAD-XMNXWDNRSA-N,CO[C@@H]1/C=C\O[C@@]2(C)Oc3c(C)c(O)c4c(c3C2=O)C(=N[C@H]2CC[C@H](O)O[C@@H]2C)C=C(NC(=O)/C(C)=C\C(=O)[C@@H]2C[C@@H]2[C@@H](O)[C@H](C)[C@@H](O)[C@H](C)[C@H](OC(C)=O)[C@@H]1C)C4=O,0.118
WQARUVRGOHJYJX-UHFFFAOYSA-N,O=S(=O)(c1ccc2ccccc2c1)N1CCN(c2nc(-c3cccs3)nc3ccccc23)CC1,1.0
KJJVYOHEPKCCLF-UHFFFAOYSA-N,Cc1ccc(S(=O)(=O)Nc2cccc(C(=O)Nc3nc(-c4ccccc4)cs3)c2Cl)cc1,0.974
NZOMKZDAZUUIBN-UHFFFAOYSA-N,O=C1CCCc2cc(S(=O)(=O)Nc3cnccc3C(=O)Nc3nc(-c4ccccc4)cs3)ccc2N1,0.339
WMBQKFZMFSMHHA-UHFFFAOYSA-N,Cc1ccc(S(=O)(=O)N2CCCc3cc(NS(=O)(=O)c4ccccc4)ccc32)cc1,0.998
UOCXATWKCAHOQU-UHFFFAOYSA-N,CC(=O)NCc1ccc(-c2csc(Nc3cccc(C)c3)n2)o1,0.365
COQSRMKGWDAKJE-UHFFFAOYSA-N,CCOc1ccc(CCNC(=O)c2cccc(C(=O)c3ccccc3)c2)cc1OCC,0.603
GCDGPVJICRWJOO-UHFFFAOYSA-N,Cc1ccc(S(=O)(=O)Nc2ccc(C(=O)Nc3nc(-c4ccccc4)cs3)c(Cl)c2)cc1,0.997
JOWXJLIFIIOYMS-UHFFFAOYSA-N,COc1ccc(-c2nc(N3CCOCC3)c3sc(CN(C)c4ncc(C(=O)NO)cn4)cc3n2)cn1,0.864
BQEFBPKSONSGIL-UHFFFAOYSA-N,FC1(F)CCN(c2nc(-c3ccncc3)nc3ccccc23)CC1,0.982
STQIYASOVVTHAJ-UHFFFAOYSA-N,Cc1cnc(-c2ccccc2C(F)F)nc1NCC1CN(c2cnccn2)C1,0.137
MWDUPPUMXCIRET-UHFFFAOYSA-N,CCN1CCN(c2ccc(Nc3ccc(-c4ccc(C(N)=O)cc4)n4ncnc34)cc2)CC1,0.264
WPSFPRGJZJKOLP-UHFFFAOYSA-N,COc1cccc(CNc2ccc(S(=O)(=O)Nc3ccccn3)cc2)c1O,0.842
FOSDOWVYKFWGPG-VZUCSPMQSA-N,Cc1cccc2c1NC(=O)/C2=C/c1cc(Cl)c(O)c(Cl)c1,0.832
OOLIPZRTMIAKSL-UHFFFAOYSA-N,CC(CNC(=O)C1CCN(Cc2cc3ccccc3n2Cc2ccccc2)CC1)c1ccccc1,0.864
SWQAIPIBLSBQAA-UHFFFAOYSA-N,COC(=O)CNC(=O)c1nc(-c2ccc([S+](C)(=O)[O-])cc2)c2ccccn12,0.768
VDJPGNGDFZLMKU-BJKOFHAPSA-N,COc1ccc(C(=O)N[C@@H]2CCC[C@@H]2C(=O)N2CCC(Cc3ccccc3)CC2)cc1,0.403
LGJRYJGSSSDVJS-UHFFFAOYSA-N,CCOc1ccc(CCNC(=O)c2cc3sccc3n2Cc2cccc(C)c2)cc1OCC,0.988
YHLCUGLUVKDQPW-UHFFFAOYSA-N,O=C(Nc1nc(-c2ccccc2)cs1)c1ccncc1NS(=O)(=O)c1ccc2c(c1)CCC2,0.973
NYTDQYAFVXMVKC-UHFFFAOYSA-N,Nc1nc2c(s1)C(c1ccccc1)CC(=O)N2,0.024
LPKDVSDULQFWOT-UHFFFAOYSA-N,CCOc1ccc(CCNC(=O)c2cc3sccc3n2CCN2CCOCC2)cc1OCC,0.066
UYJNQQDJUOUFQJ-UHFFFAOYSA-N,CNC(=O)c1ccccc1Nc1nc(Nc2ccc(N3CCOCC3)cc2OC)ncc1Cl,0.789
YVOCBTNFVCGYIE-UHFFFAOYSA-N,O=C(c1cccs1)c1nonc1C(=O)c1cccs1,0.351
KPBNHDGDUADAGP-VAWYXSNFSA-N,O=C(/C=C/c1cccnc1)NCCCCC1CCN(C(=O)c2ccccc2)CC1,0.038
VCBTWOVZUMXUCE-UHFFFAOYSA-N,COc1cccc(CNc2ccc(S(=O)(=O)Nc3cccc4ccncc34)cc2)c1O,0.942
NGIFHAUKQGDVSR-UHFFFAOYSA-N,CCOc1cc(-c2nccc3cc(OC)c(OC)cc23)cc(OCC)c1OCC,0.46
JGLFTAZREPCHEW-UHFFFAOYSA-N,CN(C(=O)CSc1nc2ccc(NC(=O)c3ccc(F)cc3)cc2s1)c1ccccc1,0.999
PJNDZOYSGAYPLB-UHFFFAOYSA-N,CC(=O)c1c(C)[nH]c(C(=O)Nc2cccc([S+](=O)([O-])N3CCC(F)(F)CC3)c2)c1C,0.93
WDHLYHNQWSCJON-UHFFFAOYSA-N,O=S(=O)(Nc1cccc2ccccc12)c1ccc(NCc2ccc(Br)cc2O)cc1,0.998
OOVKWDZCUXDMJE-UHFFFAOYSA-N,CC(C)c1ccccc1-c1ncc(F)c(NCc2ccc(-c3cccnc3)s2)n1,0.997
MJISTPRKTBEXEH-UHFFFAOYSA-N,O=C(NCCCO)c1ccc(-c2ncc3cnc(-c4cccc(F)c4)cn23)cc1,0.052
MFGLROBKXCTFOF-UHFFFAOYSA-N,CCOc1ccc(CCNC(=O)c2ccccc2)cc1OCC,0.322
KZENBFUSKMWCJF-UHFFFAOYSA-N,OCc1ccc(-c2ccc(-c3ccc(CO)s3)o2)s1,1.0
KTEXNACQROZXEV-PVLRGYAZSA-N,C=C1C(=O)O[C@@H]2[C@H]3O[C@]3(C)CC/C=C(\C)CC[C@@H]12,0.368
ZNYQOGONCPALCA-UHFFFAOYSA-N,CCc1cccc(-n2nnc(-c3nsc(NC(=O)c4cccc(OC)c4)n3)c2C)c1,0.999
LFMHIFOQPBSKFM-UHFFFAOYSA-N,Cc1cnc(-c2ccccc2OC(C)C)nc1NCc1ccc(-n2ccnn2)cc1,0.517
CJGXFHQJQPWRRG-UHFFFAOYSA-N,O=C(NCc1ccco1)c1nc2nc(-c3cccs3)cc(C(F)(F)F)n2n1,0.914
WTBUFDUDNVJYEB-UHFFFAOYSA-N,CC1=C(C(=O)Nc2nc3ccccc3s2)C(c2[nH]ncc2Cl)N=C(Nc2nc3ccccc3o2)N1,0.999
CRHSRTXZFRNUHA-UHFFFAOYSA-N,NC(=O)C1CCN(c2nc(-c3ccc(F)cc3)cs2)CC1,0.476
VFQYLBBBRSPSNR-UHFFFAOYSA-N,Cc1noc(C)c1-c1csc(N2CCC(C(N)=O)CC2)n1,0.058
VWTWLTRLLPUALI-UHFFFAOYSA-N,O=S(=O)(Nc1nccs1)c1ccc(NCc2cccc(Cl)c2O)cc1,0.903
QNVNQMPUTFJMLX-UHFFFAOYSA-N,O=C(c1ccco1)N1CCN(c2nc(-c3ccc(Br)cc3)cs2)CC1,0.998
MRKUSGGZXZWCDG-UHFFFAOYSA-N,NC(=O)COc1ccc(C2CC(=O)Nc3n[nH]c(Nc4ccccc4)c32)cc1,0.144
GMSPPDWZIKJXMH-UHFFFAOYSA-N,COc1ccc(NC(=O)c2[nH]c(C)c(C(C)=O)c2C)cc1S(=O)(=O)N1CCCCC1,0.941
YVJHAYUOJJPNIV-UHFFFAOYSA-N,CC(=O)c1ccc(N2CCN(C(=O)c3ccc4c(c3)CC(=O)N4)CC2)cc1,0.25
VWOIKFDZQQLJBJ-DTQAZKPQSA-N,CCCCCOc1ccccc1/C(=C\SC)n1ccnc1,0.99
QZVNQOLPLYWLHQ-ZEQKJWHPSA-N,COC(=O)C1=C(C)NC(C)=C(C(=O)O[C@@H]2CCCN(Cc3ccccc3)C2)[C@@H]1c1cccc([N+](=O)[O-])c1,0.937
NAMQQRIYZTTYCJ-UHFFFAOYSA-N,Clc1ccc2ncc(-c3cccc(NC4CCNC4)n3)n2c1,0.043
BSTYITXHUQTYBA-UHFFFAOYSA-N,FC(CN1CCNCC1)Cn1c2ccc(Br)cc2c2cc(Br)ccc21,0.935
WMCOYUSJXXCHFH-UHFFFAOYSA-N,O=C(Nc1ccc(F)c(C(F)(F)F)c1)Nc1nnc(-c2ccncc2)s1,0.539
UWTRKIJAGTTXNM-UHFFFAOYSA-N,Cc1ccc(NC(=O)N2CCN(c3nc(N)nc4sc(-c5cccnc5)nc34)CC2)cc1,0.881
YKRURHJIEIZSLT-UHFFFAOYSA-N,O=C(NCC1Cn2cccc2CN1Cc1cccnc1)Nc1ccccc1,0.014
HWQWMJOQMHHNGH-UHFFFAOYSA-N,O=C(Nc1ccc(Cl)cc1Cl)c1cnc2ccccc2n1,0.995
RGCVKNLCSQQDEP-UHFFFAOYSA-N,OCCN1CCN(CCCN2c3ccccc3Sc3ccc(Cl)cc32)CC1,0.115
IKQKKNPCDWGQIP-UHFFFAOYSA-N,CCn1cc(C(=O)N2CCN(c3cccc(Cl)c3)CC2)c2cc(OC)c(OC)cc2c1=O,0.625
LZMOSYUFVYJEPY-UHFFFAOYSA-N,Clc1ccc(C2(c3ccc(-c4cn[nH]c4)cc3)CCNCC2)cc1,0.206
SWQZBPJSOQSZLX-UHFFFAOYSA-N,Cc1ccc(C(=O)N2CCc3sc(C(=O)NC(C)c4ccccc4)cc3C2)cc1,0.942
SKIDNLVTIHYMTE-UHFFFAOYSA-N,CC(=O)c1c(C)[nH]c(C(=O)Nc2cccc([S+](=O)([O-])Nc3ccccc3)c2)c1C,0.739
WXODFHRTBPNRMR-UHFFFAOYSA-N,Cc1ccc(S(=O)(=O)Nc2cc(C(=O)Nc3nc(-c4ccccc4)cs3)ccn2)cc1,0.992
RDTAHMIMQLRAMR-UHFFFAOYSA-N,Clc1ccc2ncc(-c3cccc(NC4CNC4)n3)n2c1,0.004
JTJJUCQAZREEBD-UHFFFAOYSA-N,Cc1ccc(-n2ncc3c(NCCCn4ccnc4)ncnc32)cc1Cl,0.688
SOAGFCDUIPBDCW-UHFFFAOYSA-N,Oc1ccc(-c2nc(C3CC3)nc3c2CCN(Cc2ccc(F)cc2)CC3)cc1,0.283
LUZYYJAPMDLBLE-UHFFFAOYSA-N,Cc1ccc(S(=O)(=O)Nc2ccccc2C(=O)Nc2cnc(-c3ccccc3)cn2)cc1,0.995
RFPMUELUVUKZIZ-UHFFFAOYSA-N,Cc1ccc(NS(=O)(=O)c2ccc3[nH]c4c(c3c2)CCCCCC4)cc1,0.998
QMIYEZRIFBDIIP-UHFFFAOYSA-N,Cc1ccc(C)c(CN2C(=O)c3ccccc3[S+]([O-])c3ccc(C(=O)N4CCN(c5ccccc5F)CC4)cc32)c1,0.985
XBQFYTFSCZLPQF-UHFFFAOYSA-N,CN(C)c1cccc(-c2nccc(N3CCC(C(N)=O)CC3)n2)c1,0.004
LNAINLGOXRGFRX-UHFFFAOYSA-N,COC(=O)CNC(=O)c1nc(-c2ccc(Cl)nc2)c2cnccn12,0.079
UDCNDFMYRPWAQZ-UHFFFAOYSA-N,CCCCCn1c(=O)[nH]c2cc(C(=O)NCCCN3CCCCC3)ccc2c1=O,0.033
IUMQXQJZIHWLIN-HSZRJFAPSA-N,COC(=O)[C@H](NC(=O)c1cc(-c2ccccc2)nc2ccccc12)c1ccccc1,0.828
JWXPXDGKNVBSOC-UHFFFAOYSA-N,COc1ccccc1C(=O)Nc1nc2nc(C)cc(=O)n2[nH]1,0.015
DLSFAJHHDXJOAO-UHFFFAOYSA-N,Cc1cc(NS(=O)(=O)c2ccc(NCCc3ccc(Cl)c(Cl)c3)cc2)no1,0.777
WWPNUPZQMRTWRQ-UHFFFAOYSA-N,CCOc1ccc(S(=O)(=O)NCc2cccnc2)cc1NC(=O)c1ccccc1F,0.41
SLFZKYXGPCDCMK-UHFFFAOYSA-N,Cc1nc(N2CCN(c3ccccn3)CC2)c2c(C)c(C(=O)Nc3ccc(F)cc3Cl)sc2n1,0.992
HBFIZJVGUAPHLP-UHFFFAOYSA-N,Cc1ccc(S(=O)(=O)Nc2cnccc2C(=O)Nc2nc(-c3ccc(C)c(C)c3)cs2)cc1,0.976
IYCPKBLAVCCJPP-UHFFFAOYSA-N,CN(Cc1ccccc1)C(=O)C1CCN(Cc2cccc3ccccc23)CC1,0.334
OPXLLQIJSORQAM-UHFFFAOYSA-N,COC(=O)Nc1nc2ccc(C(=O)c3ccccc3)cc2[nH]1,0.848
SMJAMOAYGIVKRI-UHFFFAOYSA-N,CC(C)(C)c1ccc(C(=O)Nc2cn3cc(-n4ccnc4)ccc3n2)cc1,0.989
NFGBSXLARAJBBS-UHFFFAOYSA-N,Cc1ccc(-c2nnc(N3CCC(C(N)=O)CC3)s2)cc1,0.157
ABSMFJVWTLRCJI-UHFFFAOYSA-N,Cc1nn(CC(=O)NCCCN2CCC(N3CCCCC3)CC2)c(=O)c2cc(-c3ccccc3)nn12,0.007
BNYVGCIUGDXTIV-UHFFFAOYSA-N,CCOC(=O)c1csc(NC(=O)c2ccncc2NS(=O)(=O)c2ccc(C)cc2)n1,0.299
BKTYFEQCNXQKLS-UHFFFAOYSA-N,Cc1ccnc(NC(=S)N2CCC(c3cccc(C(F)(F)F)c3)CC2)c1,0.99
QJZJICCUBCDFGA-UHFFFAOYSA-N,CC1CCc2ccc(F)cc2N1S(=O)(=O)c1cccs1,0.991
PNCCDQUXHKJWKW-UHFFFAOYSA-N,Cc1ccc(S(=O)(=O)Nc2ccncc2C(=O)Nc2nc(-c3ccccc3)cs2)cc1,0.989
BTIHMVBBUGXLCJ-OAHLLOKOSA-N,CC[C@H](CO)Nc1nc(NCc2ccccc2)c2ncn(C(C)C)c2n1,0.001
AHXRHFGACGLNOI-UHFFFAOYSA-N,Cc1ccnc(C)c1C(=O)Nc1cccc([S+](=O)([O-])N(C)C)c1,0.011
IRYVSWYPAKNUCY-UHFFFAOYSA-N,c1ccc(C2=Nn3c(nnc3-c3ccncc3)SC2)cc1,0.997
FXEABPZRXNAUJJ-UHFFFAOYSA-N,O=C(CCCCn1c(=O)[nH]c2ccsc2c1=O)N1CCN(c2cccc(Cl)c2)CC1,0.37
WINHZLLDWRZWRT-UHFFFAOYSA-N,CCN(CC)CCNC(=O)c1c(C)[nH]c(C=C2C(=O)Nc3ccc(F)cc32)c1C,0.004
XFSROYLEZWLPAP-UHFFFAOYSA-N,COc1ccc(C2=Nn3c([n+](C)c4ccccc43)SC2)cc1,0.002
XECDVUDGNRYSTJ-UHFFFAOYSA-N,O=[S+]([O-])(Nc1cccc2cccnc12)c1ccc(NCc2ccc(Cl)cc2O)cc1,0.983
CVWXJKQAOSCOAB-UHFFFAOYSA-N,CC(C)(C)c1cc(NC(=O)Nc2ccc(-c3cn4c(n3)sc3cc(OCCN5CCOCC5)ccc34)cc2)no1,0.989
RBGNHCYGFBRIRO-UHFFFAOYSA-N,Cn1cc(Nc2cnccc2C(=O)O)c2cccnc21,0.032
FJIMDBQFZAPZDA-UHFFFAOYSA-N,NC(=O)C1CCN(c2nccc(-c3ccc4c(c3)OCCO4)n2)CC1,0.614
FNQVRBUQOISMRW-UHFFFAOYSA-N,COC(=O)c1ccc(Nc2nc(-c3ccncc3)nc3ccccc23)cc1OC,0.999
NJZXGYBSNRPLPU-UHFFFAOYSA-N,Cc1c(O)ccc2c1OC(C)(C)CC2,0.998
CQKMBZHLOYVGHW-IGMRMVRISA-N,Nc1ncnc2c1ncn2[C@H]1O[C@@H](CO)[C@@H](O)[C@H]1N,0.007
VRQVVMDWGGWHTJ-CQSZACIVSA-N,COc1ccc2c(c1)N(C[C@H](C)CN(C)C)c1ccccc1S2,0.004
XTMDOORRAYGVBP-UHFFFAOYSA-N,c1cc(-c2cc(-c3ccncc3)c3cncn3c2)c2[nH]ccc2c1,0.601
LHGWWAFKVCIILM-LAQKFSSHSA-N,CC[C@@H](C)Nc1cc(C(=O)NC2CC3CCC(C2)N3c2ccc(C(=O)C3CC3)cn2)c(C)cc1C(N)=O,0.947
VLULRUCCHYVXOH-UHFFFAOYSA-N,Cc1ccccc1CN1C(=O)C2=C(CCN(Cc3ccccc3)C2)N2CCN=C12,0.01
RFLMDZCYHCLEGJ-UHFFFAOYSA-N,CCN1CCN(CCCOc2ccc(-c3ccccc3)cc2)CC1,0.248
JSIAQJXGRVJVSC-UHFFFAOYSA-N,CCOc1ccc(C(C)CNC(=O)c2cc3sccc3n2Cc2ccccc2)cc1OCC,0.973
SRKWLIWAJWBHFQ-TZIWHRDSSA-N,COc1ccc(-n2nc(C)c([C@@H]3C=C[C@@H](NCc4cccc(Cl)c4)C3)c2C)cc1,0.228
AZQMXTQICGNFIK-UHFFFAOYSA-N,O=C(Cc1nc2ccc(Cl)cc2[nH]1)Nc1ccc(S(=O)(=O)Nc2nccs2)cc1,0.936
GXDALQBWZGODGZ-UHFFFAOYSA-N,COc1ccc(CCN2CCC(Nc3nc4ccccc4n3Cc3ccc(F)cc3)CC2)cc1,0.168
DBLURDNOWBZRHB-UHFFFAOYSA-N,Cc1ccccc1C(=O)N1CCc2cc(-c3nc(NC(=O)Cc4ccc5c(c4)OCCO5)sc3C)ccc21,0.998
XPOPNPKBWKKOTM-UHFFFAOYSA-N,O=C(Nc1ccc(N2CCN(c3ncccc3C(F)(F)F)CC2)nc1)c1cccs1,0.993
NEEWSGYCYIODPM-UHFFFAOYSA-N,Cc1ccc(S(=O)(=O)Nc2cnccc2C(=O)Nc2cccc3ccccc23)cc1,0.657
BTMQBZOFYRKLBV-UHFFFAOYSA-N,O=C1NC(=S)NC(=O)C1=Cc1cccn1-c1ccc(O)cc1,0.124
DAMQWYNDMORWCY-UHFFFAOYSA-N,CC(C)(C)C(=O)N1CCN(c2nccc(Nc3ccccc3Cl)n2)CC1,0.396
BTAVWIDYKYNYMA-UHFFFAOYSA-N,Cc1ccnc(NC(=S)N2CCN(c3cc(Cl)cc(Cl)c3)CC2)c1,0.996
VUCCWLHBQCYEIR-UHFFFAOYSA-N,Cc1cnc(N2CCC(C(N)=O)CC2)nc1-c1cccc(N(C)C)c1,0.005
OMNOGBPVYFVKRM-UHFFFAOYSA-N,c1ccc(-c2cc(Nc3nc(-c4ccncc4)nc4ccccc34)n[nH]2)cc1,0.999
UPNMPXFYMWBVBA-UHFFFAOYSA-N,Nc1nc(Nc2ccc(S(N)(=O)=O)cc2)n(C(=S)Nc2c(F)cccc2F)n1,0.27
ONIQOQHATWINJY-UHFFFAOYSA-N,COc1cc2nccc(Oc3ccc(NC(=O)C4(C(=O)Nc5ccc(F)cc5)CC4)cc3)c2cc1OC,0.998
BCFGMOOMADDAQU-UHFFFAOYSA-N,CS(=O)(=O)CCNCc1ccc(-c2ccc3ncnc(Nc4ccc(OCc5cccc(F)c5)c(Cl)c4)c3c2)o1,0.991
RSAQARAFWMUYLL-UHFFFAOYSA-N,Cc1ccccc1CN1C2=NCCN2C(=O)C2=C1CCN(Cc1ccccc1)C2,0.004
XKTUKRBLWOHYIL-MLPAPPSSSA-N,O=C1Nc2ccc(C(=O)c3ccco3)cc2/C1=C/c1cc(Cl)c(O)c(Cl)c1,0.637
QIQLBSZRAIVRMG-UHFFFAOYSA-N,COc1ccccc1CNS(=O)(=O)c1ccc(-c2cnc(C3CC3)o2)cc1,1.0
MBEJNVLJLLEPHL-UHFFFAOYSA-N,O=C(Cc1ccc(O)cc1)N1CC(CNc2ccccc2)C2(C1)CN(c1ccccc1)C2,0.914
WSQPDZJDLJCMIK-UHFFFAOYSA-N,CCOc1ccc(CCNC(=O)c2cc3sccc3n2Cc2ccccc2)c(F)c1OCC,0.985
QKLJLRGZFIWPLI-UHFFFAOYSA-N,O=C(C1CCN(c2nc(-c3ccc(Br)cc3)cs2)CC1)N1CCNCC1,0.088
UVDKNORLEFTOMX-LJAQVGFWSA-N,CN1C(=O)c2ccccc2[S@+]([O-])c2ccc(C(=O)NCc3ccc(Cl)cc3)cc21,0.879
RHZLKBRFIAZMTN-UHFFFAOYSA-N,Cc1ccc(Nc2nc(NCCO)c3ccccc3n2)cc1C,0.512
VAVXGGRQQJZYBL-UHFFFAOYSA-N,O=C(NCCCNc1nc(Nc2cccc(NC(=O)N3CCCC3)c2)ncc1I)c1cccs1,0.261
ARNHOVZVCICNJX-UHFFFAOYSA-N,Cc1ccc(C(=O)N2CCc3c(nc4cc(-c5ccccc5)[nH]n4c3=O)C2)cn1,0.758
ANOPQYHFLBJHGS-UHFFFAOYSA-N,Fc1ccc(CN2CCNc3cc(Nc4ccccc4)ncc3C2)cc1F,0.037
ITLPIAAGIQAGRA-UHFFFAOYSA-N,Cc1cc(C)nc(NC(=S)N2CCN(c3ccncc3)CC2)c1,0.0
FBFSJRQKCVUHOB-UHFFFAOYSA-N,O=C(O)c1cccc(-c2cnc3ccccc3c2)c1,0.039
YJPPZSPGXZPSLO-UHFFFAOYSA-N,O=C(Nc1ncnc2sc3c(c12)CCCCC3)c1ccco1,0.997
YLLOLSCPHATDCQ-UHFFFAOYSA-N,NC(=O)C1CCN(c2nc(-c3cccc4ccccc34)cs2)CC1,0.568
WJUUHRHDGJFIEO-UHFFFAOYSA-N,Cn1c(CN2CCCCC2)nc2cc(NC(=O)c3cccc(Br)c3)ccc21,0.204
PSQJCJHBEDOKFE-FGZHOGPDSA-N,COc1ccc(-n2nc(C)c([C@@H]3C=C[C@@H](NCc4ccc(N(C)C)cc4)C3)c2C)cc1,0.007
YDTBIHVZZFEARA-UHFFFAOYSA-N,O=[S+]([O-])(Nc1ccc(-c2ccccc2)cc1)c1ccc(NCc2ccc(Cl)cc2O)cc1,1.0
MBMNAAZTSJKXFK-UHFFFAOYSA-N,CC1(C)CC(=O)C2=C(C1)NC(Nc1nc3ccccc3o1)=NC2c1ccccc1Cl,0.998
VAUQAHARXLWWAG-UHFFFAOYSA-N,CC(=O)Nc1ccc(C(=O)Nc2ccc3c(c2)N(C2CCCC2)C(=O)c2ccccc2S3)cc1,0.999
HMENWYLMCIDLOH-UHFFFAOYSA-N,O=C(NC1CCCc2c1[nH]c1c(Cl)cccc21)c1ccc2c(c1)OCO2,0.999
VWZOCNOPQRMCLP-UHFFFAOYSA-N,COc1ccc(-n2nc(C3CCCN(C(=O)c4cccc(OC)c4)C3)[nH]c2=O)cc1,0.026
FOACEKXBNDJEEQ-YPADZDGLSA-N,C[C@H]1[C@@H](CCC(=O)Nc2ccc(F)cc2)O[C@@H]2O[C@]3(C)CC[C@@H]4[C@H](C)CC[C@@H]1[C@@]24OO3,0.786
NJYXWXLBXPBUFY-UHFFFAOYSA-N,O=S(=O)(Nc1ccc2ccccc2c1)c1ccc(NCc2cccc(Cl)c2O)cc1,0.999
XUYTXJPLDNUWPZ-UHFFFAOYSA-N,CCc1cccc(NC(=O)C(Cc2ccccc2)NS(=O)(=O)c2cccs2)c1,0.967
CZCHIEJNWPNBDE-UHFFFAOYSA-N,CCc1oc2ccccc2c1C(=O)c1cc(I)c(O)c(I)c1,0.033
GIEKPSWHDMHZQG-UHFFFAOYSA-N,O=C(NC1CC1)C1CCCN1C(=O)c1cccc(-c2ccccn2)c1,0.001
YUCGFXMQHGMRKI-UHFFFAOYSA-N,CC1=Nc2cc(C(=O)NC3CCCC3)ccc2Sc2ccc(C)cc21,1.0
BJCDJIMUSHTREA-UHFFFAOYSA-N,CN(C)C(=O)C1CCN(c2nc(-c3ccc(Br)cc3)cs2)CC1,0.929
IDZASIQMRGPBCQ-KRWDZBQOSA-N,CCCCN1CCC[C@H]1CNC(=O)c1cc(C#N)c2ccccc2c1OC,0.145
DJMSSTDJBQZAGM-UHFFFAOYSA-N,Cn1ccc2c(C(=O)NCCC(N)=O)nc(-c3cccc(CO)c3)cc21,0.024
MAASHDQFQDDECQ-UHFFFAOYSA-N,O=C1C(SCCO)=C(SCCO)C(=O)c2ccccc21,0.001
QMLVECGLEOSESV-RYUDHWBXSA-N,CN1C[C@@H]2C[C@H]1CN2c1cc2c(cc1F)c(=O)c(C(=O)O)cn2C1CC1,0.017
HDOZVRUNCMBHFH-UHFFFAOYSA-N,CN(C)CCOC1=Cc2ccccc2Sc2ccc(Cl)cc21,0.956
SOEKKIGHJIUXSS-UHFFFAOYSA-N,NC(=O)C1CCN(c2nnc(-c3ccc4c(c3)OCCCO4)s2)CC1,0.255
ICBMIEKVUGWAAM-UHFFFAOYSA-N,CCN(CC)CCNC(=O)C1CCN(c2nn3cc(-c4ccc(F)cc4)nc3s2)CC1,0.004
HQEFYGNAWINGCA-UHFFFAOYSA-N,COc1ccc(-n2nc(C3CCCN(C(=O)c4ccccc4F)C3)[nH]c2=O)cc1,0.019
XSWITMOGMLFSHV-UHFFFAOYSA-N,COc1cccc(NS(=O)(=O)c2ccc(C)cc2)c1C(=O)Nc1nc(-c2ccccc2)cs1,0.995
HLRLJPGVOWSQDK-UHFFFAOYSA-N,COc1ccc(-c2cc(-c3cccc4[nH]ncc34)cn3cncc23)cn1,0.906
WSPOMRSOLSGNFJ-VGOFMYFVSA-N,CN(C)CC/C=C1\c2ccccc2Sc2ccc(Cl)cc21,0.971
YRCHYHRCBXNYNU-UHFFFAOYSA-N,COCCNCc1ccc(-c2cc3nccc(Oc4ccc(NC(=S)NC(=O)Cc5ccc(F)cc5)cc4F)c3s2)nc1,0.982
GBJVVSCPOBPEIT-UHFFFAOYSA-N,CCN(CCCOc1ccc2c(Nc3cc(CC(=O)Nc4cccc(F)c4)[nH]n3)ncnc2c1)CCOP(=O)(O)O,0.002
XHTANUIYFKPBBI-UHFFFAOYSA-N,COc1ccc(-n2nc(C3CCCN([S+](=O)([O-])c4cccc(C(F)(F)F)c4)C3)[nH]c2=O)cc1,0.98
HGGDYSUSQXHBEW-UHFFFAOYSA-N,Nc1nc2c(s1)C(c1ccc(F)c(F)c1)CC(=O)N2,0.067
AADCDMQTJNYOSS-LBPRGKRZSA-N,CCc1cc(Cl)c(OC)c(C(=O)NC[C@@H]2CCCN2CC)c1O,0.031
KVAYLYPNVWEFSD-UHFFFAOYSA-N,Cc1ccc(S(=O)(=O)Nc2ccccc2C(=O)Nc2nc(-c3ccccc3)c(C)s2)cc1,0.998
IBAFKLIUWAJKPP-UHFFFAOYSA-N,COc1ccc(-c2cc(C(F)(F)F)nc(SCCC(=O)Nc3cc(C)ccc3O)n2)cc1,0.991
JNUMVWNOMHNOGA-UHFFFAOYSA-N,O=C(Nc1ncc(Cc2ccccc2)s1)c1ccc(-c2cccc([N+](=O)[O-])c2)o1,0.999
JLPQSUOMAMDKBF-UHFFFAOYSA-N,Cc1cccc(NCc2ccc(O)c3ncccc23)c1,0.966
PCWGGOVOEWHPMG-UHFFFAOYSA-N,Clc1cccc(COc2cncc(N3CCNCC3)n2)c1,0.081
OIAAANAOBMYPEN-UHFFFAOYSA-N,Cc1ccc(S(=O)(=O)Nc2cnccc2C(=O)Nc2nc(-c3ccc(Cl)c(Cl)c3)cs2)cc1,0.973
JPOAHQLTXWPNNY-UHFFFAOYSA-N,COc1ncccc1-c1cc2[nH]ccc2c(C(=O)NCc2c(C)cc(C)[nH]c2=O)n1,0.436
KPJZHOPZRAFDTN-ZRGWGRIASA-N,CC[C@@H](CO)NC(=O)[C@@H]1C=C2c3cccc4c3c(cn4C)C[C@H]2N(C)C1,0.001
UROZHJFFKBQSPO-UHFFFAOYSA-N,O=S(=O)(Nc1cccc(C(F)(F)F)c1)c1ccc(NS(=O)(=O)c2ccc3c(c2)OCCO3)cc1,0.942
LWXJAEVJAMQEMW-UHFFFAOYSA-N,CC(C)(C)c1ccc(-c2csc(N3CCC(C(N)=O)CC3)n2)cc1,0.821
RGRCISYVIDYKQZ-UHFFFAOYSA-N,N#Cc1cccc(NC(=O)c2sc3nc4c(cc3c2N)N2CCC4CC2)c1,0.993
ASRSXDRAEGLYDZ-UHFFFAOYSA-N,Clc1ccc(-c2nnc(C3CCCCC3)o2)cc1,1.0
BLBMHLRXSKBLMH-UHFFFAOYSA-N,CCOC(=O)c1c(C)c(-c2ccccc2)n(CC(=O)NCc2ccccc2)c1C,0.892
VBYVFUJVOXFCJC-UHFFFAOYSA-N,Cc1ccc(S(=O)(=O)Nc2cnccc2C(=O)Nc2nc(-c3cccc(F)c3)cs2)cc1,0.838
FTVAQPNJOHGXJS-UHFFFAOYSA-N,Cc1cnc(-c2ccccc2C(F)F)nc1NCc1ccc(-n2ccnn2)cc1,0.97
IQIBKMKOWOZEST-UHFFFAOYSA-N,Cc1ccccc1C(=O)Nc1sc2c(c1C(=O)NCc1ccco1)CCC(C(C)(C)C)C2,0.999
JUUFBMODXQKSTD-UHFFFAOYSA-N,CCOC(=O)Nc1ccc(NCc2ccc(F)cc2)nc1N,0.102
VERBIKHARTYTLX-UHFFFAOYSA-N,COc1ccc(NC(=O)c2c(C)c(C(C)=O)c(C)n2C)cc1[S+](=O)([O-])Nc1ccc(Br)cc1,0.886
KKTZALUTXUZPSN-UHFFFAOYSA-N,O=c1cc(N2CCOCC2)oc2c1ccc1ccccc12,0.899
CLPOCHDBIGBOBF-UHFFFAOYSA-N,Cc1ccc(-c2cc(C(=O)Nc3ccccn3)c3ccccc3n2)cc1,0.985
RNKMLXKYVDDHBX-UHFFFAOYSA-N,COc1ccc(C(=O)CCN(C)C)cc1F,0.001
AEMACQOKZWLDAI-UHFFFAOYSA-N,Cc1ccc(S(=O)(=O)Nc2ccccc2C(=O)Nc2ncc(-c3ccccc3)s2)cc1,0.998
MYNHZIBSIZNSMC-UHFFFAOYSA-N,CC(C)(C)c1ccc(S(=O)(=O)c2cnc(SCC(=O)Nc3ccc(F)c(Cl)c3)[nH]c2=O)cc1,0.324
IMEICQDRTCGLFX-UHFFFAOYSA-N,CC(C)(C)C1CCc2c(sc(NC(=O)c3ccncc3)c2C(N)=O)C1,0.969
NEZOWDLHAWBZFL-UHFFFAOYSA-N,Fc1cccc(F)c1Nc1nc(-c2ccncc2)nc2ccccc12,0.994
MUAICZWSFWUFNA-UHFFFAOYSA-N,CC(NCc1ccc2c(c1)nc(NC(=O)c1ccc(-c3cn[nH]c3)s1)n2CC(C)(C)O)C(C)(C)C,0.073
AIUJHENHBJHHMY-UHFFFAOYSA-N,CCCCCN(CCC12CC3CC(CC(C3)C1)C2)C(=O)NCCCc1ccncc1,1.0
KAENFKKOUQCPPE-UHFFFAOYSA-N,COc1cccc(Nc2nc(-c3ccncc3)nc3ccccc23)c1,0.995
UHXIEEMJZCVSML-UHFFFAOYSA-N,O=C1C(c2ccc(C(F)(F)F)cc2)=C(Nc2ccc(Cl)cc2)c2ccccc21,0.996
KGSQTZAKNPRDQF-UHFFFAOYSA-N,Cc1c(Cl)cccc1-n1ncc(C(=O)Nc2ccc(Br)cc2F)c1C1CCNCC1,0.418
UDCRTYXGUIEZPV-UHFFFAOYSA-N,S=c1[nH]c2ccccc2n1CCc1ccccc1,0.965
XGEWSLAJNBTPMF-UHFFFAOYSA-N,COc1ccc(CN2CCN(C(=O)c3cc4c(s3)CCC4)CC2)cc1,0.368
WEVYNIUIFUYDGI-UHFFFAOYSA-N,NC(=O)c1cccc(-c2cc(Nc3ccc(OC(F)(F)F)cc3)ncn2)c1,0.964
MNUJKJCMCJWBRM-UHFFFAOYSA-N,COc1ccc(NC(=O)c2cc(-c3ccc[nH]3)n[nH]2)cc1OC,0.673
YVXMNHCWAUMPGN-UHFFFAOYSA-N,CCOc1ccc(-c2nnc(SCC(=O)NCc3ccccc3Cl)o2)cc1,0.971
OCNMIAVAIFSGAW-UHFFFAOYSA-N,Fc1ccc(Nc2cc(-c3ccccc3)nc(-c3ccncc3)n2)cc1F,1.0
XZTYSIYZVXPZPS-RIYZIHGNSA-N,O=[N+]([O-])c1cccnc1N/N=C/c1ccccc1O,0.986
AYCPARAPKDAOEN-LJQANCHMSA-N,Cc1nc(Nc2n[nH]c3c2CN(C(=O)N[C@H](CN(C)C)c2ccccc2)C3(C)C)c2sccc2n1,0.001
UTEZZOAYXICASM-UHFFFAOYSA-N,Cc1cc(-c2nnc3n2CCCCC3)c(C)n1-c1cccc(C#N)c1,0.0
OLFVJQFAWDVSCR-FQEVSTJZSA-N,Cc1ccc(CN2CCOC[C@H]2c2ncc(-c3cccc(F)c3)[nH]2)cc1,0.232
MGIOWOQFKXPPSA-UHFFFAOYSA-N,O=C(Nc1nc(-c2ccccc2)cs1)c1ccccc1-n1cnnn1,0.909
ULNXAWLQFZMIHX-UHFFFAOYSA-N,CCCc1cc(C)[nH]c(=O)c1CNC(=O)c1cc(-c2ccnc(N3CCN(C)CC3)c2)cc2c1cnn2C(C)C,0.041
PHXJVRSECIGDHY-UHFFFAOYSA-N,Cc1ccc(C(=O)Nc2ccc(CN3CCN(C)CC3)c(C(F)(F)F)c2)cc1C#Cc1cnc2cccnn12,0.975
OTSBKHHWSQYEHK-UHFFFAOYSA-N,Cn1c(=O)c2[nH]c(=O)[nH]c2n(C)c1=O,0.0
QCZNLHAERJIZFX-UHFFFAOYSA-N,Clc1ccccc1Nc1nc(-c2ccncc2)nc2ccccc12,0.995
BXYBGEAXGCDRSR-UHFFFAOYSA-N,Cc1ccccc1-c1nc(CN2CCC(C(=O)NCCCN3CCOCC3)CC2)c(C)o1,0.001
NRUHMHHODVHYRV-UHFFFAOYSA-N,Cc1ccc(S(=O)(=O)Nc2cnccc2C(=O)Nc2nc(-c3cccc(Cl)c3)cs2)cc1,0.925
VJDDUFADNSOPAU-UHFFFAOYSA-N,Cc1ccc(-n2nc(C)c3c(-c4ccc(O)c(O)c4)c(C#N)c(N)nc32)cc1C,0.978
JPIHKKVXRDWSMA-TZIWHRDSSA-N,COc1ccc(-n2nc(C)c([C@@H]3C=C[C@@H](NCc4ccc(F)cc4)C3)c2C)cc1,0.034
NIWMHFSKAXPNMF-UHFFFAOYSA-N,COc1ccccc1C(=O)N1CCc2cc(-c3nc(NC(=O)Cc4ccc5c(c4)OCO5)sc3C)ccc21,0.999
UCELYZAQRUVHIA-UHFFFAOYSA-N,COc1ccc(NC(=O)c2c(C)cccc2C)cc1[S+](=O)([O-])Nc1ccc(Br)cc1,0.863
ZBERLBRREVWFCQ-UHFFFAOYSA-N,Fc1cccc(-c2ccc(Nc3nc(-c4ccncc4)nc4ccccc34)cc2F)c1,1.0
PTDPMHIXZFTSJB-UHFFFAOYSA-N,Cc1ccc(S(=O)(=O)Nc2ccccc2C(=O)Nc2ccc(-c3ccccc3)cn2)cc1,0.999
VNJKIEALUFZKJX-UHFFFAOYSA-N,Cc1ccc(C(=O)Nc2nc3nc(C)cc(=O)n3[nH]2)cc1,0.05
TZFRXIUHQJMGQE-UHFFFAOYSA-N,O=C(CNC(=O)c1cnccn1)NC1CCCc2c1[nH]c1ccc(Cl)cc21,0.913
FEZHSOQGVVCFMF-UHFFFAOYSA-N,CC(C)Oc1cccc(-c2ccnc(N3CCC(C(N)=O)CC3)n2)c1,0.529
BJQPZALVMVDFFS-UHFFFAOYSA-N,CN(C)CCNC(=O)c1nc2nc(-c3ccccc3)c(-c3cccc(Cl)c3)cc2n1C,0.41
WBKCKEHGXNWYMO-UHFFFAOYSA-N,CCOC(=O)CCNc1cc(N2CCc3ccccc3CC2)nc(-c2ccccn2)n1,0.845
SPLCGGROQCHKOA-UHFFFAOYSA-N,Cc1cc(C)c(CNC(=O)c2nc(-c3ccc(CN(C)C)cc3)cc3c2ccn3C(C)C)c(=O)[nH]1,0.009
LLBLNMUONVVVPG-UHFFFAOYSA-N,OC1(c2ccc(Cl)cc2)CCN(Cc2c[nH]c3ccccc23)CC1,0.429
QCYRDYGNWWRWTQ-UHFFFAOYSA-N,O=C(NCCCn1ccnc1)c1ccc(-c2ncc3cnc(-c4cccc(F)c4)cn23)cc1,0.1
LQBVNQSMGBZMKD-UHFFFAOYSA-N,CC1(C)CCC(CN2CCN(c3ccc(C(=O)NS(=O)(=O)c4ccc(NCC5CCOCC5)c([N+](=O)[O-])c4)c(Oc4cnc5[nH]ccc5c4)c3)CC2)=C(c2ccc(Cl)cc2)C1,0.983
UYBRROMMFMPJAN-UHFFFAOYSA-N,CCOC(=O)Nc1cc(-c2ccc(C)c(NS(C)(=O)=O)c2)nn2c(C)nnc12,0.015
RRBJZDUDIOJHKK-UHFFFAOYSA-N,O=C(c1nc(-c2cccnc2)c2ccccn12)N1CCOCC1,0.032
MWFCOCJZRHBHRH-UHFFFAOYSA-N,N#Cc1nc(-c2cccc3ccccc23)oc1NC1CNC1,0.749
NXJAAAAQVKWCEV-UHFFFAOYSA-N,COc1ccccc1-c1nc(NCc2cnc(C)cn2)c2ccccc2n1,0.036
CEUORZQYGODEFX-UHFFFAOYSA-N,O=C1CCc2ccc(OCCCCN3CCN(c4cccc(Cl)c4Cl)CC3)cc2N1,0.971
YCNCNFGBAUIIFH-UHFFFAOYSA-N,CCOc1ccc(CCNC(=O)c2cc3ccncc3n2Cc2cccc(C)c2)cc1OCC,0.878
VEYBPFCUWOHFSM-UHFFFAOYSA-N,Fc1ccc(Nc2nc(-n3ccnc3)nc3ccccc23)cc1F,0.991
ZYXOXRVBILGFMQ-UHFFFAOYSA-N,O=S(=O)(Nc1nccs1)c1ccc(NCc2cc(Cl)ccc2O)cc1,0.904
ITHVHASAWMAMQC-UHFFFAOYSA-N,Cc1ccc(-c2cc3c(nn2)-c2ccccc2C3=O)cc1,0.999
QNUKRWAIZMBVCU-WCIBSUBMSA-N,COc1ccc2c(c1)/C(=C/c1cnc[nH]1)C(=O)N2,0.087
JHAUXINTCBHICN-UHFFFAOYSA-N,Cc1noc(C)c1Cc1ccc(C(=O)N2CCc3c(nc4cc(-c5ccccc5)[nH]n4c3=O)C2)o1,0.867
MPJKLKPNFYYXHG-UHFFFAOYSA-N,COC(=O)CNC(=O)c1nc(-c2ccccc2OC)c2ccccn12,0.35
GALQBGXQPZFJRR-UHFFFAOYSA-N,Fc1cc(Nc2nc(-c3ccncc3)nc3ccccc23)ccc1-c1ccncc1,1.0
OZSGUPXAFSDWHG-UHFFFAOYSA-N,COc1ccc(-c2ccc3nc(-c4cc(F)cc(F)c4F)oc3c2)c(OC)c1OC,0.999
JOYDHLNNBYNIHE-UHFFFAOYSA-N,CCCCn1cnc2cc(NCc3ccc(OCC)cc3)ccc21,0.429
HWVNEWGKWRGSRK-UHFFFAOYSA-N,Cc1cc(SCc2sc(-c3ccc(C(F)(F)F)c(F)c3)nc2C)ccc1OCC(=O)O,0.031
VYWPENNFPXDQBJ-UHFFFAOYSA-N,Cc1cccc(C)c1C(=O)Nc1cccc([S+](=O)([O-])N2CCCCCC2)c1,0.842
FTODTDQFHDJWIQ-UHFFFAOYSA-N,CN1CCN(Cc2ccc(NC(=O)Cc3ccc(Oc4cc(NC(=O)C5CC5)ncn4)cc3)cc2C(F)(F)F)CC1,0.601
WXOUFNFMPVMGFZ-YFVPNGHZSA-N,O=C1/C(=C\c2ccccc2)C[C@@]2(O)C3Cc4ccc(O)c5c4[C@@]2(CCN3CC2CC2)[C@H]1O5,0.039
VKIVVKVIDSRYLO-UHFFFAOYSA-N,O=S(=O)(Nc1nccs1)c1ccc(NCc2cccc(F)c2O)cc1,0.712
ZPEOEICVFNCIPG-UHFFFAOYSA-N,CCOc1ccc(C2C(C(=O)Nc3ccccc3OC)=C(C)Nc3c(C(=O)Nc4cccc(C)c4)cnn32)cc1,0.996
PPUDLEUZKVJXSZ-VPCXQMTMSA-N,C[C@@]1(O)[C@H](O)[C@@H](CO)O[C@H]1n1ccc(N)nc1=O,0.0
UQICVKLGGAQRET-UHFFFAOYSA-N,Cc1c(CN(C)c2cc(C3CC(O)C3)nc(N)n2)[nH]c2ccccc12,0.0
KPVZEUIZCYWFNY-UHFFFAOYSA-N,O=C(c1cc2ccccc2[nH]1)N1CCc2c(n(Cc3cccnc3)n(CCc3ccccc3)c2=O)C1,0.444
BTHKDLDJBKQLHE-UHFFFAOYSA-N,Cc1ccccc1N(C)C1CN([S+](=O)([O-])c2cccc(C(F)(F)F)c2)C1,0.997
ZJJJVZJIMSJXAP-UHFFFAOYSA-N,CSc1ccccc1-c1ccc(Nc2nc(-c3ccncc3)nc3ccccc23)cc1F,1.0
XWNZXFSTDKNKCF-CXUHLZMHSA-N,CCOc1ccc(/C=C/c2nc3ccccc3n2S(=O)(=O)c2ccc(Br)cc2)cc1,1.0
YEXMKBTXTVUONI-UHFFFAOYSA-N,Oc1ccc(CNc2cccnc2)c2cccnc12,0.134
NXYMREXFNWASNB-UHFFFAOYSA-N,CNc1ncc(-c2cccc3ccccc23)o1,0.345
AYMCOCULSANHRE-UHFFFAOYSA-N,Oc1ccc(CNc2ccc(C(F)(F)F)cc2F)c2cccnc12,0.996
OUMCZLDQKUCLMI-UHFFFAOYSA-N,C[S+](=O)([O-])c1ccc(-c2nc(C(=O)N3CCOCC3)n3ccccc23)cc1,0.774
KZDXYDYXLXLFBU-UHFFFAOYSA-N,O=C(Nc1ccc(S(=O)(=O)Nc2nccs2)cc1)c1ccc(-c2ccccc2)cc1,1.0
KAJLWWLQZGRPSC-UHFFFAOYSA-N,COc1ccc(-c2csc(N3CCC(C(N)=O)CC3)n2)cc1OC,0.048
CHICKUIQNQRQIU-UHFFFAOYSA-N,N#CC1CCN(c2nc(-c3ccc(Br)cc3)cs2)CC1,1.0
BQOZGAFZPAZACD-UHFFFAOYSA-N,O=C(NCCCn1ccnc1)c1ccc(-c2ncc3cnc(-c4ccccc4)cn23)cc1,0.109
LUMRRSNNRXENJE-UHFFFAOYSA-N,Nc1nc2c(s1)C(c1cc(Cl)ccc1F)CC(=O)N2,0.854
VRQVLVWHYRMLBX-UHFFFAOYSA-N,CCOC(=O)c1ccc(NC(=O)CSc2nc3c(cc2C#N)N2CCC3CC2)cc1,0.997
HFNUWULDOCRCPD-INIZCTEOSA-N,O=C(NC[C@H]1Cn2c(-c3ccc(Cl)cc3)cnc2CO1)C1CCCC1,0.048
RWAQSXLBTRGUIZ-UHFFFAOYSA-N,COC(=O)c1ccc2nc(NC3=NC(c4[nH]ncc4Cl)C4=C(CCCC4=O)N3)oc2c1,0.935
ZSQPVEZFJNADBV-UHFFFAOYSA-N,COC(=O)c1ccccc1C(=O)Nc1nc(-c2ccccc2)cs1,0.986
ZNJPXMPDCCKPAW-UHFFFAOYSA-N,COc1cccc(C(=O)Nc2ccc3oc(-c4ccc5ccccc5c4)nc3c2)c1,1.0
IERYLMZJBPRMSB-UHFFFAOYSA-N,O=[S+]([O-])(Nc1nccs1)c1ccc(NCc2ccc(Cl)c(Cl)c2)cc1,0.964
IOHMCSFRWUBIRP-UHFFFAOYSA-N,Cc1nn(-c2ccccc2)c2nc(C3CC3)cc(C(=O)Nc3ccc(F)cc3)c12,0.999
ZJFJERKKZKIAED-UHFFFAOYSA-N,O=c1cc(CN2CCCN(c3ccc(C(F)(F)F)cn3)CC2)nc2ccccn12,0.05
HZVHXXPWDLFJGF-UHFFFAOYSA-N,Cc1ccc(NS(=O)(=O)c2cccc(C(=O)Nc3nc(-c4ccccc4)cs3)c2)cc1,0.999
VFBWBBYSRIQVIF-UHFFFAOYSA-N,Fc1ccc(Nc2nc(-c3ccncc3)ncc2-c2ccccc2)cc1F,0.999
SVYKDQBBCIEHFW-UHFFFAOYSA-N,O=C(Nc1ncccc1O)c1ccc(S(=O)(=O)Nc2ccccc2)cc1,0.467
FIDIRSDYXDVDPV-PMERELPUSA-N,CC(C)(C)OC(=O)N[C@@H](Cc1ccc(O[S+](=O)([O-])c2cccc3cnccc23)cc1)C(=O)N1CCN(Cc2ccccc2)CC1,0.976
IETBPWLMNDJFRT-UHFFFAOYSA-N,CC(=O)c1c(C)[nH]c(C(=O)Nc2cccc([S+](=O)([O-])Nc3ccc(C#N)cc3)c2)c1C,0.374
ROBXZCGAVJTPHB-UHFFFAOYSA-N,CCOc1cccc(C(=O)Nc2nc3c(s2)CC(C(C)(C)C)CC3)c1,1.0
YBRHGNCGFMRGSV-UHFFFAOYSA-N,COc1cc(-c2ccnc3c2c(C)nn3-c2ccc(C(F)(F)F)cc2)ccc1O,0.995
KKJLZPZRNAERJW-UHFFFAOYSA-N,CN(C)C(=O)c1cccc(-c2csc(N3CCC(C(N)=O)CC3)n2)c1,0.004
IASPBORHOMBZMY-UHFFFAOYSA-N,O=C(Nc1ccccc1-c1cn2c(CN3CCNCC3)csc2n1)c1cnc2ccccc2n1,0.601
OPZWFHUZANUXIS-UHFFFAOYSA-N,Cc1cc2c(-c3cccc(O)c3)nc(-c3c(C)noc3C)cc2[nH]1,0.758
VAQKTRLQSBTELM-UHFFFAOYSA-N,O=C1CCCC2=C1C(c1ccncc1Br)N=C(Nc1nc3ccccc3o1)N2,0.897
QSPUOCIHKKUJRD-UHFFFAOYSA-N,Cc1ccc(NC(=O)N(Cc2cn(C)c3ccccc23)C2CCCCC2)cc1C,0.999
OYHWSXJIWNPHLW-UHFFFAOYSA-N,O=C(Nc1ccc(C(=O)Nc2nccs2)cc1)c1ccc2ccccc2c1,1.0
AGLCGCXQQDBYKJ-UHFFFAOYSA-N,COc1cccc(NCCC2(c3ccccc3)CC(C)(C)OC(C)(C)C2)c1,0.997
FDGQSTZJBFJUBT-UHFFFAOYSA-N,O=c1[nH]cnc2nc[nH]c12,0.941
CNTQTWBXXIOGRN-UHFFFAOYSA-N,Cc1ccc(NC(=O)c2cc(-c3ccc[nH]3)n[nH]2)cc1F,0.979
POQGYSOKUFVIAL-UHFFFAOYSA-N,COc1cc(NC(=O)c2nc3ccccc3n(C)c2=O)cc(OC)c1OC,0.948
DAPNUYQKQTWPTM-UHFFFAOYSA-N,Cc1ccc(-c2nc(NCC(=O)Nc3cccc(C(=O)O)c3)c3ccccc3n2)cc1,0.016
KCWGETCFOVJEPI-UHFFFAOYSA-N,COc1ccc2c(c1)CN(C(=O)CCN1CCC(Cc3ccccc3)CC1)CCS2,0.061
QKPPIMNVHFZLLI-UHFFFAOYSA-N,Cc1ccc(-n2c(C)cc(-c3nnc4n3CCCCC4)c2C)cc1,0.0
QAIMUUJJAJBPCL-UHFFFAOYSA-N,c1ccc(CNc2nc(NCc3ccccc3)c3ccccc3n2)cc1,0.994
OKOMCJGEURILOZ-UHFFFAOYSA-N,CCCCCNc1oc(-c2cccc3ccccc23)nc1C#N,1.0
DLGRZLDNIXUDGZ-UHFFFAOYSA-N,COc1ccc(NS(=O)(=O)c2ccc(C)cc2)c(C(=O)Nc2nc(-c3ccccc3)cs2)c1,0.998
RNQSSMCAOKONQO-UHFFFAOYSA-N,O=C(c1cccc(F)c1)N1CCC2(CCN(Cc3cc(C(F)(F)F)cc(C(F)(F)F)c3)CC2)CC1,0.664
XEYZYMTXVPPXJI-UHFFFAOYSA-N,Cc1ccc(S(=O)(=O)Nc2nc3ccc(C)cc3nc2Nc2ccc3c(c2)OCO3)cc1,0.998
RHNVLFNWDGWACV-UHFFFAOYSA-N,CC1Oc2cc3c(-c4c(O)cc(O)c5c(O)c6c(cc45)OC(C)C(C)C6=O)c(O)cc(O)c3c(O)c2C(=O)C1C,0.059
QNRODODTMXCRKU-UHFFFAOYSA-N,c1ccc(-c2ccc(CNc3nc(-c4ccccn4)nnc3-c3ccccc3)cc2)cc1,0.999
ZWVNIMWPVDVGRF-UHFFFAOYSA-N,O=C(Nc1ncc(Cc2ccc(C(F)(F)F)cc2)s1)c1cn(-c2ccccc2)cn1,0.999
LDDSIDAKPDZFLB-UHFFFAOYSA-N,CC(=O)c1c(C)[nH]c(C(=O)Nc2cccc([S+](=O)([O-])Nc3ccc(Br)c(F)c3)c2)c1C,0.846
GEEHOLRSGZPBSM-KUBAVDMBSA-N,CC/C=C\C/C=C\C/C=C\C/C=C\C/C=C\C/C=C\CCC(=O)NCCO,0.003
CNZRMHVYEAFJRB-UHFFFAOYSA-N,Cc1ccc(-n2ncc3c(Nc4cccc(C(=O)O)c4)ncnc32)cc1,0.013
DELDQGNRAOOFAU-UHFFFAOYSA-N,Cc1ccc2c(c1)[nH]c1c(N3CCN(Cc4ccccc4)CC3)ncnc12,0.932
DMWVGXGXHPOEPT-UHFFFAOYSA-N,COc1cc2ncnc(Nc3ccc(Oc4ccccc4)cc3)c2cc1OC,0.998
SVRNCBGWUMMBQB-UHFFFAOYSA-N,Oc1cccc2nc3ccccc3nc12,0.204
RFEUPSLTYHVPBP-KRWDZBQOSA-N,CCOC(=O)c1ccc(NC(=O)N2Cc3[nH]cnc3C[C@H]2c2nc(C(C)C)no2)cc1,0.005
YHXOXGGKNDLLEI-UHFFFAOYSA-N,CC(=O)c1cccc(-c2csc(N3CCC(C(N)=O)CC3)n2)c1,0.058
CMMGNQMDYZVXOZ-UHFFFAOYSA-N,CCc1ccc(S(=O)(=O)Nc2cnccc2C(=O)Nc2nc(-c3ccccc3)cs2)cc1,0.94
NRMDFUFFZPWHLO-UHFFFAOYSA-N,Cc1sc(NC(=O)Cc2ccc3c(c2)OCO3)nc1-c1ccc2c(c1)CCN2C(=O)C1CCCCC1,1.0
DRPWIJLVLAYQCS-NSHDSACASA-N,COC(=O)c1ccc2c(c1)nc1n2[C@@H](CNC(C)=O)COC1,0.0
XJGWPRFLOHXVHL-UHFFFAOYSA-N,CC1CCN(C(=O)c2ccc(-c3ccc(N4CCSCC4)nc3)cc2)CC1,0.991
GGBULCWSVZOWBV-UHFFFAOYSA-N,Cc1cccc(C(=O)Nc2ccc(N3CCC(N4CCCCC4)CC3)c(C(=O)O)c2)c1,0.045
JWPAJWSJRLXHTB-UHFFFAOYSA-N,CC1=C(C(=O)NC2CCCC2)C(c2nn(C)cc2Cl)N=C(Nc2nc3ccccc3o2)N1,0.952
FNOIPNCVAOHRTB-UHFFFAOYSA-N,O=C(Nc1ncc(Cc2ccc(C(F)(F)F)cc2)s1)c1cnc(-c2ccccc2)s1,0.999
BOIKHSCACXYBGD-UHFFFAOYSA-N,COc1ccc(N(C)C(=O)c2cc3c(s2)-c2ccccc2OC3)cc1,0.999
BZCQLLISCTUASM-UHFFFAOYSA-N,NC(=O)C1CCN(c2nc(-c3ccc4c(c3)OCCCO4)cs2)CC1,0.176
PRGBMCGFMMBVKT-UHFFFAOYSA-N,COC(=O)c1ccc(Oc2nc3c(c(=O)n(C)c(=O)n3C)n2CCC(C)C)cc1,0.989
LBULVQIAQUOMQZ-UHFFFAOYSA-N,O=C(Nc1nc(-c2ccccn2)cs1)c1cccc(-n2cnnn2)c1,0.799
LIDOPKHSVQTSJY-VMEIHUARSA-N,CCC[C@H](NC(=O)/C(C#N)=C/c1cccc(Br)n1)c1ccccc1,0.975
YXLLQNMKIDBOGH-NDEPHWFRSA-N,CN1C(=O)c2ccccc2[S@+]([O-])c2ccc(C(=O)NCCc3cccs3)cc21,0.535
MRHBASRZECIVCE-UHFFFAOYSA-N,O=S(=O)(c1ccc(Cl)cc1)c1ccccn1,0.627
RHGCIKKKQSNHCB-UHFFFAOYSA-N,COc1ccc(-n2c(C)c(C(C)=O)c3ccccc32)cc1,0.947
XACWFPJBEOBCHI-UHFFFAOYSA-N,CCOc1ccc(CCNC(=O)c2cc3ccccc3n2Cc2cccc(C)n2)cc1OCC,0.464
PFKOSOWYEZIJNB-UHFFFAOYSA-N,Cc1ccnc(N=C(N)N2CCN(c3cccc(C(F)(F)F)c3)CC2)c1,0.136
DTLKKGZPQAFAGG-UHFFFAOYSA-N,COc1cccc(NC(=S)N2CCN(c3cccc(C(F)(F)F)c3)CC2)n1,0.948
UFZFHLRFXMLVPN-UHFFFAOYSA-N,CCOc1ccc(CCNC(=O)c2cc3ccccc3n2Cc2cc(C)cc(C)n2)cc1OCC,0.617
SETQPKMYEXGQQY-UHFFFAOYSA-N,COc1ccc(C(=O)Nc2nc(-c3ccccc3)cs2)c(NS(=O)(=O)c2ccc(C)cc2)c1,0.998
JEZQDLNDTCQOBF-UHFFFAOYSA-N,N#Cc1cnc(NS(=O)(=O)c2ccc(NC(=O)Cc3ccc(F)c(Cl)c3)cc2)s1,0.78
RVSKKDOZMFVADE-UHFFFAOYSA-N,CCOc1cc2c(cc1OCC)CN(C(=O)c1cc3sccc3n1Cc1ccccc1)CC2,0.988
ZCTNRBONUFWVET-UHFFFAOYSA-N,CCOC(=O)c1ccnc2cc(C(OCCN3CCCCC3)c3ccccc3Cl)sc12,0.185
MBSANQVZRAIRML-UHFFFAOYSA-N,CC(=O)c1c(C)[nH]c(C(=O)Nc2cccc([S+](=O)([O-])Nc3ccccc3C)c2)c1C,0.615
RDALZZCKQFLGJP-UHFFFAOYSA-N,Cc1cc2c(C(N)=O)cccc2n1-c1nc2c(c(NCc3ccccc3)n1)COCC2,0.123
XBSIVIJQFPONIM-UHFFFAOYSA-N,FC(F)(F)c1cccc(N2CCN(C(=S)Nc3cc4ccccc4cn3)CC2)c1,0.998
AIUPQRMBXNWIOL-UHFFFAOYSA-N,CCOC(=O)c1[nH]c(C)c(CCC(=O)N2CCN(c3cc(C)ccc3C)CC2)c1C,0.909
JPDWKLZTGQEFDM-UHFFFAOYSA-N,O=C1CCCC2=C1C(c1ccccc1C(F)(F)F)N=C(Nc1nc3ccccc3o1)N2,0.981
CRYPTEXHIQVCSM-UHFFFAOYSA-N,Cc1cnc(NC(=O)c2ccc(-c3cccc([N+](=O)[O-])c3)o2)s1,0.998
IJSYRCPDCWFYCF-UHFFFAOYSA-N,NC(=O)C1CCN(c2ncnc(-c3ccc4c(c3)OCCCO4)n2)CC1,0.108
HBTHZCWYIDPOJW-UHFFFAOYSA-N,CCOC(=O)N1CCc2c(sc(NCc3ccc(N(C)C)cc3)c2C(=O)Nc2ccc(OC)cc2)C1,0.979
FRJHKZXKOVIIQT-UHFFFAOYSA-N,O=C(c1ccccc1)N1CCC(C(=O)N2CCC(N3Cc4ccccc4C3=O)CC2)CC1,0.041
MSYQTUROBYMOKW-UHFFFAOYSA-N,CCOC(=O)c1ccc(N2C(=O)c3n[nH]c(-c4cccs4)c3C2c2ccc(Cl)cc2Cl)cc1,1.0
TUVCWJQQGGETHL-UHFFFAOYSA-N,Oc1cccc(-c2nc(N3CCOCC3)c3oc4ncccc4c3n2)c1,0.713
VRBMNFRNSUMVDR-UHFFFAOYSA-N,CCOC(=O)c1ccc(-c2ccc3ncnc(NCCc4cnc[nH]4)c3c2)o1,0.326
YBNWTPSPKASYNU-UHFFFAOYSA-N,CCCNC(=O)c1ccc2c(c1)N=C(C)c1c(C)ccc(C)c1S2,0.996
AWPYWZMMJZGPOX-UHFFFAOYSA-N,O=C(O)c1ccnc2cc(C(OCCN3CCCCC3)c3ccccc3Cl)[nH]c12,0.009
AEFAIPAFJIILQH-UHFFFAOYSA-N,Cc1c(-c2nsc(NC(=O)c3cccc(Cl)c3)n2)nnn1-c1ccccc1C(F)(F)F,0.987
SSZZDDQENGUODL-UHFFFAOYSA-N,Cc1cc(S(=O)(=O)Nc2cnccc2C(=O)Nc2nc(-c3ccccc3)cs2)c(C)o1,0.121
WMPIAXAWMFVOCI-UHFFFAOYSA-N,Cc1nc(NC2CCCCC2)c2nc(-c3ccccc3)n(CCN(C)C)c2n1,0.002
IQYALHHXRZZIHN-UHFFFAOYSA-N,COc1cc2cc(CN3CCC(N(C)C)C3)c(-c3cccc(Cl)c3)nc2cc1OC,0.01
XIBHNQNSAQMDCU-UHFFFAOYSA-N,CC(=O)N1CCC2(CCCN(c3ccc(-c4ccccc4)cc3)C2)CC1,0.974
JFVNFXCESCXMBC-UHFFFAOYSA-N,CC(=O)Nc1nc(C)c(-c2ccc(Cl)c(S(=O)(=O)NCCO)c2)s1,0.013
QNISVRIGWKSUCX-UHFFFAOYSA-N,COc1cccc(NC(=O)c2cccc3c(=O)c4c([nH]c23)CCCC4)c1,0.954
HYWHYFCQFHMUQK-UHFFFAOYSA-N,O=[S+]([O-])(Nc1cccc2ccccc12)c1ccc(NCc2ccc(Cl)cc2O)cc1,0.997
FFVRRQMGGGTQRH-XBLMQXIHSA-N,CC[C@H]1CN(C)[C@H]2Cc3c([nH]c4ccccc34)C(=O)C[C@H]1[C@H]2C(=O)OC,0.063
PNOHHIWHMPIGRK-UHFFFAOYSA-N,Cc1cccc2nc(-c3cccnc3)c(Nc3ccc(C(C)C)cc3)n12,0.911
PWACDPBMPNKEMU-UHFFFAOYSA-N,CC(C)c1ccc(CC(=O)N2CCCc3ncc(C(=O)Nc4cccnc4)cc32)cc1,0.552
YFPKHIIRBAOIID-UHFFFAOYSA-N,Nc1cc(-c2nc(Nc3ccc(F)c(F)c3)c3ccccc3n2)ccn1,0.994
TXGKRVFSSHPBAJ-JKSUJKDBSA-N,NC(=O)c1cnc(N[C@@H]2CCCC[C@@H]2N)nc1Nc1cccc(-n2nccn2)c1,0.003
BRKAIFLXINCNLS-UHFFFAOYSA-N,COc1ccc2[nH]c(=O)c(-c3noc(-c4ccccc4)n3)cc2c1,0.994
HPOJQGFTNQRBGF-UHFFFAOYSA-N,CC(C)(C)c1ccc(S(=O)(=O)N2CCC(c3ccncc3)CC2)cc1,0.981
LMXZFMAFJREVRG-UHFFFAOYSA-N,COc1cc(-c2csc(N3CCC(C(N)=O)CC3)n2)cc(OC)c1OC,0.026
MAOWQPFNYFZDOI-UHFFFAOYSA-N,O=C(Nc1nc(-c2ccccc2)cs1)c1ccncc1NS(=O)(=O)c1ccccc1Cl,0.429
XYHIQIZXHBQQCU-UHFFFAOYSA-N,Oc1ccccc1NCC(O)Cn1ccc2ccccc21,0.964
PVLAYILHXSAUPN-UHFFFAOYSA-N,COc1cccc(CNCCSc2nnnn2C)c1OCc1ccc(Cl)cc1Cl,0.149
PITWXQDZEDZTGB-UHFFFAOYSA-N,CN(C(=O)CSc1nc2c(c(=O)[nH]1)CCCC2)c1ccccc1,0.017
CWFPDPXMFIFAMA-UHFFFAOYSA-N,CC1=C(C(=O)Nc2nncs2)C(c2ccccc2Br)N=C(Nc2nc3ccccc3o2)N1,0.986
DVBNLJGMWOZULW-UHFFFAOYSA-N,CCOc1ccccc1N1CC(c2nc3ccccc3n2CCOc2ccc(C(C)(C)C)cc2)CC1=O,0.981
VOTGWSCFKLOXSS-UHFFFAOYSA-N,COc1ccc(-c2nc3ccccc3s2)cc1NC(=O)c1ccc(F)cc1,1.0
HNLRUKYPTOASMA-UHFFFAOYSA-N,O=C(Nc1nc(-c2ccccc2)cs1)c1ccncc1NS(=O)(=O)c1ccccc1,0.746
YUDGRWUKLQAREN-UHFFFAOYSA-N,O=C1CCC(CNC(=O)c2nc(-c3ccccc3)cc3[nH]ccc23)N1,0.342
BUVXGEZANDRKKB-UHFFFAOYSA-N,COc1ccc(-c2noc(CSc3nnc(Cc4ccccc4)n3-c3ccc(F)cc3)n2)cc1,0.997
MGSPMPANLHDYKA-UHFFFAOYSA-N,Fc1ccc(Nc2nc(-c3ccncc3Cl)nc3ccccc23)cc1F,0.997
PSVJDVPPRAXDNW-UHFFFAOYSA-N,CN1CCN(c2ccc(Nc3nc(-c4ccncc4)nc4ccccc34)cc2F)CC1,0.771
BYZGPWHRVNBUES-UHFFFAOYSA-N,CSc1cc2c(s1)c1cnn(Cc3cccc(N)c3)c(=O)c1n2C,0.976
PFVDHCWWFPTQMQ-UHFFFAOYSA-N,Cn1c(CN2CCCC2)nc2cc(NC(=O)COc3ccc(Cl)cc3)ccc21,0.364
YSCSFZMKEPIPED-UHFFFAOYSA-N,CC(C)c1ccc(-n2ncc3c(=O)n(CC(=O)Nc4cc(F)ccc4Cl)cnc32)cc1,0.996
ZFIUPEAHLVNVCA-UHFFFAOYSA-N,CC(=O)c1c(C)[nH]c(C(=O)Nc2cccc(S(=O)(=O)N3CCCCC3)c2)c1C,0.935
DSVAEAUNOGNSKT-UHFFFAOYSA-N,NC(=O)C1CCN(c2ncc(-c3ccc4c(c3)OCCO4)s2)CC1,0.636
RUBQWRJYGNFCRT-UHFFFAOYSA-N,CC(C)NC(=O)c1nc(-c2ccc(Cl)nc2)c2cnccn12,0.073
YTDYLXHKJDLBHK-UHFFFAOYSA-N,O=C(C1CC(=O)N(c2n[nH]c3ccccc23)C1)N1CCC(c2noc3cc(F)ccc23)CC1,0.855
PHRQTMBZLVZKIE-UHFFFAOYSA-N,c1ccc(Nc2cc3c(cn2)CN(Cc2ccc4[nH]ccc4c2)CCN3)cc1,0.018
CQFYRGQZKIDUDO-UHFFFAOYSA-N,Cc1noc(C)c1[S+](=O)([O-])N1CCC2(CC1)CC(c1cccc(C(F)(F)F)c1)=NO2,0.969
OBSFXHDOLBYWRJ-UHFFFAOYSA-N,O=C(Nc1ccc(Oc2ccnc3[nH]ccc23)c(F)c1)c1cccn(-c2ccc(F)cc2)c1=O,0.996
ADOAFZMZLZZLAG-UHFFFAOYSA-N,O=c1[nH]c(C2CCN(CC3CCCCC3)CC2)nn1Cc1ccccc1,0.008
KIQQMECNKUGGKA-NMYWJIRASA-N,C#C[C@]1(OC(C)=O)CC[C@H]2[C@@H]3CCC4=C/C(=N/O)CC[C@@H]4[C@H]3CC[C@@]21CC,0.995
DJAWTLHBPPQMPV-RRPNLBNLSA-N,COc1ccc2cc1Oc1ccc(cc1)C[C@@H]1c3c(cc(OC)c4c3Oc3cc5c(cc3O4)CCN[C@H]5C2)CCN1C,0.057
JPBCQJCSYMZSOU-UHFFFAOYSA-N,Cc1ccccc1C(=O)NC1CCN(c2ccc3nnc(C4CC4)n3n2)CC1,0.097
AFJHXPXQKCFRJD-UHFFFAOYSA-N,CC[S+](=O)([O-])Nc1ccccc1C(=O)Nc1nc(-c2ccccc2)cs1,0.802
FPDFCVNGZGPUOH-UHFFFAOYSA-N,CN(C)c1cccc(-c2cnc(Nc3cccnc3)c3c2CCO3)c1,0.741
BXBQOOYHZYVVAV-UHFFFAOYSA-N,CCOc1ccc(CCNC(=O)c2cc3ccncc3n2Cc2cccc(C)n2)cc1OCC,0.049
XBPTWMZNFZHJCN-UHFFFAOYSA-N,C=CCc1cccc(CNc2ccc(S(=O)(=O)Nc3nccs3)cc2)c1O,0.869
DBUJRUZHAMNUJN-UHFFFAOYSA-N,CC(=O)C1CCN(c2ncc(-c3cccc(N(C)C)c3)s2)CC1,0.928
CLDYRJRWNFVJOY-UHFFFAOYSA-N,CNc1oc(-c2cccc3ccccc23)nc1C(=O)OC,0.998
SGRYPYWGNKJSDL-UHFFFAOYSA-N,CC(C)c1ccc2oc3nc(N)c(C(=O)O)cc3c(=O)c2c1,0.178
UXFWULKAKQLENO-UHFFFAOYSA-N,CN(C(=O)CNC(=O)c1cc(F)ccc1OCC(=O)Nc1ccc(I)cc1)c1ccc(F)cc1,0.996
FNYGWXSATBUBER-UHFFFAOYSA-N,Cc1ccccc1C(C(=O)NC1CCCCC1)N(C(=O)Cn1ccnc1C)c1cccc(F)c1,0.681
MTZVACCZKQRVAT-UHFFFAOYSA-N,CCOc1ccc(N2CC(c3nc(-c4cc(OC)c(OC)c(OC)c4)no3)CC2=O)cc1,0.838
WZHJKEUHNJHDLS-STDCAVTESA-N,CN1CC(CNC(=O)OCc2ccccc2)C[C@H]2c3cccc4c3c(cn4C)CC21,0.005
TYCBNSMMALAXAE-UHFFFAOYSA-N,O=C(Nc1nc(-c2ccccc2)cs1)c1ccncc1NS(=O)(=O)c1ccc2ccccc2c1,0.974
BNEGSXFLQWONTO-UHFFFAOYSA-N,CCOc1ccc(C2c3c(oc4ccc(C)cc4c3=O)C(=O)N2CCCN(C)C)cc1,0.005
FXBRKPQSDRLSKQ-UHFFFAOYSA-N,Cc1ccc(S(=O)(=O)Nc2cc(Br)ccc2C(=O)Nc2nc(-c3ccccc3)cs2)cc1,0.999
ZNZRKTDISKQXSK-UHFFFAOYSA-N,COC(=O)c1ccnc(-c2cc(C(=O)Nc3ccc(C4(N)CC4)cc3)ccn2)c1,0.031
KAUXRMOKLJPOOH-UHFFFAOYSA-N,COc1ccc(Nc2nnc(-c3ccc(C)c(S(=O)(=O)NCc4nc5ccccc5[nH]4)c3)c3ccccc23)cc1,0.996
GKCBNNYYHQNJLZ-UHFFFAOYSA-N,O=C(Nc1ccc(Cl)c(S(=O)(=O)N2CCOCC2)c1)c1ccccc1,0.974
BVFPYUSMZMSWNL-UHFFFAOYSA-N,CCOC(=O)C1CCN(c2ncc(-c3ccc4c(c3)OCCCO4)s2)CC1,0.987
DRYDVYSTKHBXDR-UHFFFAOYSA-N,Cc1cccc(-c2csc(N3CCC(C(N)=O)CC3)n2)c1,0.178
NAURCZBOWCRDNX-UHFFFAOYSA-N,COc1cc(NC(=O)Cn2c(=O)oc3cc(S(=O)(=O)N4CCCCCC4)ccc32)cc(OC)c1,0.983
SNVZCGFLARAIGC-UHFFFAOYSA-N,NC(=O)C1CCN(c2nc(-c3ccccc3F)cs2)CC1,0.195
VJHUYDLSNDDSJO-UHFFFAOYSA-N,COc1ccc(-c2csc(NC(=O)c3ccccc3NS(=O)(=O)c3ccc(C)cc3)n2)cc1,0.998
HKMSPEXJSADFOZ-UHFFFAOYSA-N,Cc1nn(CCc2nc(-c3ccc4ccccc4c3)cs2)c2[nH]c(=O)cc(C(F)(F)F)c12,0.999
VAZAPHZUAVEOMC-UHFFFAOYSA-N,CC(=O)Nc1ccc(C(=O)Nc2ccccc2N)cc1,0.172
NCZKRUFQHZWTNY-UHFFFAOYSA-N,Cc1ccc(N(C)S(=O)(=O)c2ccc(-c3cnc(C4CC4)o3)cc2)cc1,1.0
XUKGFHHTSUKORV-UHFFFAOYSA-N,O=C(Nc1nc2cc(C(F)(F)F)cc(NC3CC3)n2n1)c1cccnc1,0.673
LSRDYAAXEDQABD-UHFFFAOYSA-N,O=C(Cc1ccc(Cl)c(Cl)c1)Nc1ccc(S(=O)(=O)Nc2cncnc2)cc1,0.141
MTEHEAMBEZEEHK-UHFFFAOYSA-N,O=C(Nc1cccc(C(F)(F)F)c1)c1cc2nc(-c3ccccc3)cc(C(F)(F)F)n2n1,0.999
NXRNOJKUXYWBIA-LJAQVGFWSA-N,CN1C(=O)c2ccccc2[S@+]([O-])c2ccc(C(=O)NCc3ccc(Br)cc3)cc21,0.902
YXBALIMZKTVHFI-UHFFFAOYSA-N,CC(C)COc1ccc(-c2ccc(=O)n(CC(=O)NCCc3ccccc3)n2)cc1,0.973
LUNHGKWVWYXOHP-UHFFFAOYSA-N,N#Cc1ccc(NS(=O)(=O)c2ccc(NC(=O)Cc3ccc(Cl)c(Cl)c3)cc2)cc1,0.987
GVVQSYNBELCYAE-UHFFFAOYSA-N,COc1ccc(NC(=O)C23CC4CC(CC(C4)C2)C3)cc1[S+](=O)([O-])Nc1ccc(Br)cc1,0.999
XQFINGFCBFHOPE-UHFFFAOYSA-N,CCN(c1cc(C#CCN2CCOCC2)cc(C(=O)NCc2c(C)cc(C)[nH]c2=O)c1C)C1CCC(N(C)CCOC)CC1,0.002
PQOOIERVZAXHBP-UHFFFAOYSA-N,O=C(c1ccc(C(=O)N2CCC(N3CCCC3)CC2)c(Nc2ccccc2)c1)N1CCC(N2CCCC2)CC1,0.028
CNYKJXGSODVKNX-UHFFFAOYSA-N,Cc1cccc(-n2ccc(=O)c(C(=O)Nc3ccc(S(=O)(=O)Nc4nccs4)cc3)n2)c1,0.987
GCGODIBLJNMACP-UHFFFAOYSA-N,NC(=O)C1CCN(c2nc(-c3ccccc3Br)cs2)CC1,0.217
WEJPRZJLYZIEPW-UHFFFAOYSA-N,CCOc1ccc(-c2csc(N3CCC(C(N)=O)CC3)n2)cc1,0.544
HBTSUUWNLVMLMY-UHFFFAOYSA-N,COc1ccc(-n2nc(C3CCN([S+](=O)([O-])c4c(C)noc4C)CC3)[nH]c2=O)cc1,0.797
YGYZTPCAAUSYNI-UHFFFAOYSA-N,CCc1ccccc1Nc1ncnc2c1cnn2-c1ccc(Cl)cc1,0.999
LXXFEJUXBVSTDS-UHFFFAOYSA-N,CCCCOc1ccc(CNC(=O)c2cc3n(n2)CCCN(Cc2ccc(C)cc2)C3=O)cc1,0.999
HWGQMRYQVZSGDQ-HZPDHXFCSA-N,Cn1ncnc1[C@H]1c2n[nH]c(=O)c3cc(F)cc(c23)N[C@@H]1c1ccc(F)cc1,0.074
WIXFEWJOWOCGLY-UHFFFAOYSA-N,COc1ccc(Nc2cc(C)nc(-n3nc(C)cc3C)n2)cc1Cl,0.996
YWORHRDEUPSAIG-UHFFFAOYSA-N,O=C(c1ccc2c(c1)ncn2-c1ccc(C(F)(F)F)cc1)N1CCCCC1,0.545
FMYCZWKBVIMWHI-UHFFFAOYSA-N,O=C(Nc1ccc(S(=O)(=O)Nc2nccs2)cc1)c1cccnc1,0.582
BHFSPCDKYSDHPN-UHFFFAOYSA-N,CCN1CCN(C(=O)CCCn2nc(C)c3c(C)n(-c4ccc(C)cc4)nc3c2=O)CC1,0.001
SHUCMHDUFWMCPY-UHFFFAOYSA-N,CCCc1ccc(NC(=O)c2ccc3c(c2)NC(=O)CS3)cc1,0.999
HCTKOPZGXCPTJY-UHFFFAOYSA-N,Fc1ccc(Nc2nc(Nc3ccncc3)nc3ccccc23)cc1F,0.975
XZERWKOJCUGQQP-UHFFFAOYSA-N,O=C(Cc1ccc2ccccc2c1)Nc1ccc(S(=O)(=O)Nc2nccs2)cc1,0.995
GMCSQCMOIOLESJ-UHFFFAOYSA-N,COc1ccc(-c2nc3sc(CCNC(=O)C(C)(C)C)c(C)n3n2)cc1,0.068
GYKIQIOWVKCVBP-UHFFFAOYSA-N,Nc1nc(N)c2c(OCC3CCN(Cc4ccccc4F)CC3)cccc2n1,0.002
WNIDBXBLQFPAJA-VOTSOKGWSA-N,CN(Cc1ccc(/C=C/C(=O)NO)cc1)CC12CC3CC(CC(C3)C1)C2,0.192
LEJXUJZCTIIKRJ-UHFFFAOYSA-N,O=C1CCCC2=C1C(c1[nH]ncc1Cl)N=C(Nc1nc3c(Cl)cccc3o1)N2,0.993
LTPMEHSTVGLKDR-UHFFFAOYSA-N,O=C(c1ccc2c(c1)OCO2)N1CCC(Cc2nc(-c3cnccn3)no2)CC1,0.012
CYNJOLQNKYVWTO-UHFFFAOYSA-N,CCOc1ccc(CCNC(=O)c2cc3sccc3n2Cc2ccccc2)cc1OCC,0.982
KSPVUZUMQKKLLC-UHFFFAOYSA-N,O=C1CCCC2=C1C(c1[nH]ncc1Cl)N=C(Nc1nc3cc(F)ccc3o1)N2,0.968
DQASJNKQROFLIM-UHFFFAOYSA-N,Cc1cc(SCC(=O)c2ccccc2)n2ncc(-c3ccccc3)c2n1,0.998
CSMBKRZRHXRDOG-UHFFFAOYSA-N,CC1Cc2cc(S(=O)(=O)NCc3ccc(N(C)C)cc3)ccc2N1C(=O)C1CCC1,0.981
FNBWHWMNQCOYDE-UHFFFAOYSA-N,O=C(O)c1ccc(O)c2ncc(N3CCCN(CCc4cccc5ccccc45)CC3)cc12,0.187
ZCSNFVQCKVEFII-UHFFFAOYSA-N,COc1ccc(Nc2ncc(C(=O)Nc3cccc(Cl)c3)c3ccccc23)cc1,0.999
SSZZTLZEIPVDLH-UHFFFAOYSA-N,CC(C)Oc1ccc(CCNC(=O)c2cc3sccc3n2Cc2ccccc2)cc1OC(C)C,0.989
KVWWTCSJLGHLRM-UHFFFAOYSA-N,COc1ccc(Cl)cc1C(=O)NCCc1ccc(S(N)(=O)=O)cc1,0.577
WRFAPXCHZDSSEA-UHFFFAOYSA-N,O=C1CCCC2=C1C1(CCS(=O)(=O)C1)N=C(Nc1nc3ccccc3o1)N2,0.001
WZFXLQPTVQXOFD-UHFFFAOYSA-N,Cc1ccc(-c2cc(C(=O)Nc3ccc(-c4noc(=O)[nH]4)cc3)c3ccccc3n2)cc1C,0.952
KIPLXXGKBRAGSE-UHFFFAOYSA-N,O=C(NCCc1ccccn1)C1CC(=O)N(c2n[nH]c3cc(Br)ccc23)C1,0.322
OFZJZCZGXWGEOR-WCQYABFASA-N,COC[C@@H]1CN(C(=O)c2n[nH]c3ccccc23)C[C@H]1c1nc(C)no1,0.02
RANRSXNHVJZBGA-NDEPHWFRSA-N,CN1C(=O)c2ccccc2[S@+]([O-])c2ccc(C(=O)NCc3cccnc3)cc21,0.08
KBAUGDTVYSOLFS-UHFFFAOYSA-N,Cc1cnccc1-c1nc(Nc2ccc(F)c(F)c2)c2ccccc2n1,0.991
ZKQHDFBKGKZLLB-UHFFFAOYSA-N,O=C(c1ccc2c(c1)ncn2-c1ccccc1)N1CCCCC1,0.015
HLXNLMAEIDNYRY-UHFFFAOYSA-N,O=C(c1ccc2c(c1)ncn2-c1ccc(Cl)cc1)N1CCCCC1,0.113
QOUHSMSRZOCRBZ-UHFFFAOYSA-N,COc1ncccc1-c1cc2c(ccn2C(C)C)c(C(=O)NCc2c(C)cc(C)[nH]c2=O)n1,0.295
CNWKEAWGKCTKLH-UHFFFAOYSA-N,Cc1cccc(CNc2ccc(S(=O)(=O)Nc3nccs3)cc2)c1O,0.952
LWIJLQNVGBWKFD-UHFFFAOYSA-N,CCOc1ccccc1C(=O)Nc1ccncc1C(=O)Nc1cccc(S(=O)(=O)C(F)(F)F)c1,0.67
HRNYULXQWNVZNT-UHFFFAOYSA-N,Cc1ccc(-c2csc(NC(=O)c3ccccc3NS(=O)(=O)c3ccc(C)cc3)n2)cc1,0.999
FJQADEHMIMENRE-UHFFFAOYSA-N,COc1ccc2[nH]c(=O)c(-c3noc(-c4ccc(F)cc4)n3)cc2c1,0.995
YREYEVIYCVEVJK-UHFFFAOYSA-N,COCCCOc1ccnc(C[S+]([O-])c2nc3ccccc3[nH]2)c1C,0.001
LFMLDXFGTVWZCJ-UHFFFAOYSA-N,CCOc1ccc(CCNC(=O)c2ccnn2Cc2cccc(C)c2)cc1OCC,0.558
RQHIUQKMAKDNOW-UHFFFAOYSA-N,CCOC(=O)C1CCN(C(=O)Nc2ccc3c(c2)nc(C)n3C)CC1,0.001
KEOSHYYJTMQWFO-UHFFFAOYSA-N,O=C(NCCCCc1ccccc1)C1CCN(c2nc(-c3ccc(Br)cc3)cs2)CC1,1.0
XJPSEKVZHWXAJM-UHFFFAOYSA-N,CCOC(=O)c1ccc(N2C(=O)c3n[nH]c(-c4cccs4)c3C2c2ccc(OCC)cc2)cc1,1.0
NXDUUSWGHPOLLD-UHFFFAOYSA-N,O=C(Nc1ncc([S+](=O)([O-])N2CCOCC2)s1)c1cccc(Br)c1,0.929
VDJBEDQSQAIJLA-UHFFFAOYSA-N,CCCNc1oc(-c2cccc3ccccc23)nc1C#N,1.0
HJSXPQSAXNBPNO-UHFFFAOYSA-N,Fc1cc(Nc2nc(-c3ccncc3)nc3ccccc23)ccc1-c1ccc2[nH]ncc2c1,1.0
UKDZROYUHRFZMK-UHFFFAOYSA-N,Cc1cc2ccccc2n1CC(=O)NC1CCCCC1,0.984
DFEQGLWKEYMMGR-UHFFFAOYSA-N,O=c1[nH]c(N2CCOCC2)nc2c1CCN(Cc1ccc(Cl)cc1F)CC2,0.026
HJMYKLIGYWAIAU-UHFFFAOYSA-N,c1ccc(Nc2cc(-c3ccoc3)ncn2)cc1,0.624
YXJQELOCKPUJMZ-UHFFFAOYSA-N,CCOC(=O)c1ccc2c(c1)c(C(C)=O)c(C)n2-c1ccc(OC)cc1,0.987
WCILOMUUNVPIKQ-UHFFFAOYSA-N,CCOC(=O)c1ccnc(CNCC(=O)N(CC)CCN(C)C)c1,0.001
RJXJONPQVMRFIV-BDTNDASRSA-N,CCC(CC)c1cc([C@H]2CN3CC[C@H]2C[C@@H]3CNS(=O)(=O)c2cccs2)nc(-c2ccncc2)n1,0.045
KNHNNQKRLUIPAV-UHFFFAOYSA-N,COc1ccc(C(=O)NC2CCCc3c2[nH]c2ccccc32)cc1OC,0.986
YJAKJMGMVFSLTI-UHFFFAOYSA-N,O=C(c1nc(-c2ccc(Cl)cc2Cl)c2cnccn12)N1CCOCC1,0.695
KCAJXIDMCNPGHZ-UHFFFAOYSA-N,CNC(=O)c1ccc(C)c(-n2c(C)cc(OCc3ccc(F)cc3F)c(Br)c2=O)c1,0.126
SKQAHULCURZGBZ-UHFFFAOYSA-N,Cc1ccc2oc(NC3=NC(c4ccccc4Cl)C4=C(CCCC4=O)N3)nc2c1,0.999
INPMDKHSXKXLOU-UHFFFAOYSA-N,O=C(Cc1ccccc1)Nc1ccc(S(=O)(=O)Nc2nccs2)cc1,0.925
NUNCOHUMTCDISK-UHFFFAOYSA-N,COc1cc2c(c(OC)c1OC)-c1ccc(SC)c(=O)cc1C(N)CC2,0.01
FIERZDKOVHWDCV-UHFFFAOYSA-N,CN(C)c1ccccc1-c1csc(N2CCC(C(N)=O)CC2)n1,0.012
KOGDCWJXKPVPPR-UHFFFAOYSA-N,CCOc1ccccc1N(CC(=O)N1CCOCC1)S(=O)(=O)c1ccc(SC)cc1,0.405
PCAFKTMETIOXKS-UHFFFAOYSA-N,Cc1cccc(-n2c(C)cc(C=C(C#N)C#N)c2C)c1,0.884
WMYZMFTTWXCYPB-UHFFFAOYSA-N,COc1ccc(-c2nc3ncccc3[nH]2)cc1,0.36
VUTKUSOFURCRDB-UHFFFAOYSA-N,Fc1ccc(Nc2ccnc(-c3ccncc3)n2)cc1F,0.996
FHALMQCJZITVFD-UHFFFAOYSA-N,Cc1c(NC2=C(Cl)C(=O)N(c3ccccc3)C2=O)c(=O)n(-c2ccccc2)n1C,0.815
ZRNJHIZMXKFXOG-UHFFFAOYSA-N,CC(=O)c1ccc(N[S+](=O)([O-])c2cccc(NC(=O)c3[nH]c(C)c(C(C)=O)c3C)c2)cc1,0.652
YGBBRCWORXYFJA-UHFFFAOYSA-N,COc1ccc(-c2nc3ccccc3c(=O)n2Cc2ccco2)cc1COc1ccc(NC(C)=O)cc1,0.968
LXDHFJUOCGKVAV-UHFFFAOYSA-N,CN(Cc1cccs1)c1ncnc2ccc(-c3ccc4c(c3)OCO4)cc12,0.998
JOFBFAFKDRSJFC-UHFFFAOYSA-N,COc1cc(Cl)c(C)cc1Nc1c2c(nc3ccccc13)CCC2,0.974
GVWNZKYTGBSOKP-UHFFFAOYSA-N,Cc1cc(NS(=O)(=O)c2ccc(NC(=O)Cc3ccc(Cl)c(Cl)c3)cc2)n(C)n1,0.799
VFJKATARWTYHEP-UHFFFAOYSA-N,O=C(Nc1ccc(S(=O)(=O)Nc2nccs2)cc1)c1cccc2ccccc12,0.991
OTJJELSADUPOSR-UHFFFAOYSA-N,Cc1cc(-c2nnc3n2CCCCC3)c(C)n1-c1cccnc1,0.0
MYPACKVXASKRSK-UHFFFAOYSA-N,Cn1c(=O)c2c(-c3ccc(Cl)cc3)n(CCc3ccccc3)cc2n(C)c1=O,0.786
UDNPXDAMRUEUJW-UHFFFAOYSA-N,O=C(Nc1ccc2oc(-c3cccnc3)nc2c1)c1ccc(-c2ccccc2)o1,1.0
QVRVCQCRTWXGEP-UHFFFAOYSA-N,Cc1cc(C)c(CNC(=O)c2nc(-c3ccc(F)cc3)cc3c2ccn3C(C)C)c(=O)[nH]1,0.972
XUVOEKZZGXXJJI-UHFFFAOYSA-N,CCOC(=O)N1CCN(Cc2nc3cc(NC(=O)c4ccc(OC)cc4)ccc3n2C(C)C)CC1,0.362
WVXNSAVVKYZVOE-UHFFFAOYSA-N,CNC(=O)c1cc(Oc2ccc(NC(=O)Nc3cc(C(C)(C)C)nn3-c3ccc4ncccc4c3)c(F)c2)ccn1,0.906
JGXLDSUKBYSMGK-UHFFFAOYSA-N,Cc1cnc(-c2ccccc2C(C)C)nc1NCC1CN(c2cccnc2)C1,0.155
MQQYTCNFOOZZHW-DHUJRADRSA-N,O=C([C@H](Cc1ccc(O[S+](=O)([O-])c2cccc3cnccc23)cc1)N[S+](=O)([O-])c1cccc2cnccc12)N1CCN(Cc2ccccc2)CC1,0.975
FYFAYEIUTPMYFA-UHFFFAOYSA-N,Cc1sc2ncnc(Sc3nnnn3-c3ccccc3)c2c1-c1ccccc1,0.998
URNRAVMKIPTFBZ-UHFFFAOYSA-N,COC(=O)c1cc2occc2n1Cc1nc(-c2ccc(C)cc2)oc1C,0.993
ZWKJWVSEDISQIS-UHFFFAOYSA-N,Cn1c2cc([S+](C)[O-])sc2c2cnn(Cc3cccc(N)c3)c(=O)c21,0.095
VGXRQCOVGLGFIM-UHFFFAOYSA-N,CC(C)c1c(-c2ccccc2)nc2c(C#N)c[nH]n2c1=O,0.551
DMCCLJBMHCYJKH-UHFFFAOYSA-N,O=C(COC(=O)CCC(=O)c1cccs1)NCc1ccco1,0.005
FZLYJYHXBGWNRT-UHFFFAOYSA-N,Nc1c(-c2ccncc2)cc[nH]c1=O,0.087
FDZQTZFUJWJRKL-UHFFFAOYSA-N,COc1ccnc(NC(=S)N2CCN(c3cccc(C(F)(F)F)c3)CC2)c1,0.933
YJNUNMRCXACDTL-UHFFFAOYSA-N,Cn1cc(S(=O)(=O)N2CCOCC2)cc1C(=O)Nc1ccc(Cl)c(C(F)(F)F)c1,0.975
QLPHOXTXAKOFMU-WBVHZDCISA-N,CNc1nc(-c2ccc3c(N)n[nH]c3c2)cc(N2C[C@@H](C(=O)NC3CCCCC3)CC[C@H]2C)n1,0.533
ATVTVYLBDOOYQN-SJPCQFCGSA-N,Fc1ccc(N2CCCN(CC3[C@H]4CNC[C@@H]34)CC2)cc1,0.02
UHTHHESEBZOYNR-UHFFFAOYSA-N,COc1cc2c(Nc3ccc(Br)cc3F)ncnc2cc1OCC1CCN(C)CC1,0.007
WLGFEUQNIQLGGZ-UHFFFAOYSA-N,Cc1cc(Oc2ccc(N)cn2)ccc1Cl,0.72
MVLWLWRYPUPMTN-UHFFFAOYSA-N,CC(C)Oc1ccc(C(=O)Nc2ccc3c(c2)CCCN3C(=O)c2cccs2)cc1,0.996
RHIPYPPEFQQCLK-UHFFFAOYSA-N,CC1(C)CC2CC(C)(CN2S(=O)(=O)c2ccc(C(=O)Nc3ccc(Cl)cc3)cc2)C1,1.0
JNUIWQYWIVRGNO-UHFFFAOYSA-N,NC(=O)c1sc2nc3c(c(-c4cccs4)c2c1N)CCCC3,0.815
DNGPOVHELUQQNQ-UHFFFAOYSA-N,Cc1cccc(N2CCN(c3nc4ccccc4c4nnc(C)n34)CC2)c1C,0.961
QCUIDHJFGIYZJW-UHFFFAOYSA-N,O=C(Nc1ccc2c(N3CCCCC3)ncnc2c1)c1cc(F)cc(F)c1,0.961
BGANTABLOXAURB-UHFFFAOYSA-N,O=C(Nc1nnc(-c2ccco2)o1)c1ccc(Cl)cc1,0.261
MUEOHNRJGHYKND-UHFFFAOYSA-N,O=C1CCCC2=C1C(c1[nH]ncc1Cl)N=C(Nc1nc3c(Br)cccc3o1)N2,0.992
FYMKKBNHYRSFTR-UHFFFAOYSA-N,COc1ccc(NC(=O)c2[nH]c(C)c(C(C)=O)c2C)cc1[S+](=O)([O-])Nc1ccccc1C#N,0.381
HSNSMUNFHXDDGW-UHFFFAOYSA-N,CC1=C(C(=O)Nc2ccccc2C)C(c2ccccc2Br)N=C(Nc2nc3ccccc3o2)N1,0.999
SVFXPTLYMIXFRX-XJKSGUPXSA-N,CN[C@@H]1C[C@@H](c2ccc(Cl)c(Cl)c2)c2ccccc21,0.046
CXYDZEHJPGTFEJ-UHFFFAOYSA-N,COc1ccccc1C(=O)NC1CCCc2c1[nH]c1c(Cl)cccc21,0.998
XQRMSPJMTDPRIX-UHFFFAOYSA-N,Cc1ccc([S+](=O)([O-])n2cc(Cc3ccc(-c4ccccc4)cc3)c3ccccc32)cc1,1.0
UTFNVDVUCRAVJX-UHFFFAOYSA-N,COc1ccc(CN2CCNc3cc(Nc4ccccc4)ncc3C2)cc1,0.011
RFMHZDIDBCEGOC-UHFFFAOYSA-N,NC(=O)C1CCN(c2cc(-c3ccc4c(c3)OCCCO4)ncn2)CC1,0.007
DRWOUOXQWPGZBT-UHFFFAOYSA-N,c1ccc2c(Nc3ccon3)nc(-c3ccncc3)nc2c1,0.977
GTVMVQFZEJEDKO-UHFFFAOYSA-N,COc1ccc(OC)c(N2C(=O)C(Cl)=C(N3CCCCC3)C2=O)c1,0.241
SOQUQEVAQYAINF-UHFFFAOYSA-N,COc1cccc(CNc2ccc(S(=O)(=O)Nc3ncccn3)cc2)c1O,0.833
OWEGWHBOCFMBLP-UHFFFAOYSA-N,CC(C)(C)C(=O)C(Oc1ccc(Cl)cc1)n1ccnc1,0.663
INJUVNWOFHYUIN-UHFFFAOYSA-N,O=C1NC(=O)C(c2cnc3ccccn23)=C1c1cn2c3c(cccc13)CN(C(=O)N1CCOCC1)CC2,0.06
AFASRBDEVKBMHJ-MHZLTWQESA-N,CC(C)(C)OC(=O)N[C@@H](Cc1ccc(OS(=O)(=O)c2cccc3cnccc23)cc1)C(=O)N1CCCN(C(=O)OC(C)(C)C)CC1,0.859
QBCDATKPKXUQHJ-UHFFFAOYSA-N,CC1=C(C(=O)NCc2ccccc2)C(c2ccccc2Br)N=C(Nc2nc3ccccc3o2)N1,0.996
XIQKDUKFFKQZAO-DNRQZRRGSA-N,C[C@@H]1CN(CC(=O)N2CC(C)(C)c3ncc(Cc4ccc(F)cc4)cc32)[C@@H](CN2CCOC[C@H]2C)CN1,0.003
NXCXDWJNFKFGCO-UHFFFAOYSA-N,CCCOC(c1cc2nccc(C(=O)O)c2[nH]1)c1ccccc1Cl,0.004
HAQSQSNESVJKMM-UHFFFAOYSA-N,Cc1nnc(N2C(=O)c3oc4ccccc4c(=O)c3C2c2ccc(F)cc2)s1,0.963
DEXNORPUTBBNSC-UHFFFAOYSA-N,CCC(=O)NC(c1cccs1)c1cc([N+](=O)[O-])c2cccnc2c1O,0.457
RZCXGKSKBPHLSG-UHFFFAOYSA-N,Cc1ccc(Cl)cc1NS(=O)(=O)c1cc2c(cc1F)NC(=O)CC2,0.214
SLNSQTDVEFYGGW-UHFFFAOYSA-N,COc1ccc(-c2nc3ccccc3c(=O)n2Cc2ccccc2)cc1COc1ccc(NC(C)=O)cc1,0.989
BKQGOJCZGYSRSN-UHFFFAOYSA-N,COc1ccc(CCn2c(N)cc(=O)[nH]c2=S)cc1OC,0.062
AMIXSRWULKSRHT-UHFFFAOYSA-N,Cc1cccc(S(=O)(=O)c2cn(Cc3ccccc3)c3cc(N4CCCCC4C)c(F)cc3c2=O)c1,0.992
LNHWXBUNXOXMRL-VWLOTQADSA-N,CC[C@@]1(O)C(=O)OCc2c1cc1n(c2=O)Cc2c-1nc1ccccc1c2CCNC(C)C,0.008
RIDIOIPVYZIPJP-UHFFFAOYSA-N,Cc1cc(-c2nnc3n2CCCCC3)c(C)n1-c1ccncc1,0.0
SKEMFSLFPGISRF-UHFFFAOYSA-N,CCOc1cc(CCNC(=O)c2cc3sccc3n2Cc2ccccc2)cc(F)c1OCC,0.988
IELRUTVGEOPVPV-UHFFFAOYSA-N,COc1cccc(NC(=O)c2cc(-c3ccc(C)c(C)c3)nc3ccccc23)c1,0.998
KKGIUYYXEXKXSZ-UHFFFAOYSA-N,O=S(=O)(Nc1cccc2ccccc12)c1ccc(NCc2cccc(Cl)c2O)cc1,0.995
VUWXAQFLTSBUDB-UHFFFAOYSA-N,CCCCCCN(CCCCCC)C(=O)Cc1c(-c2ccc(F)cc2)[nH]c2ccccc12,1.0
ITLFJUXQLQJKPE-UHFFFAOYSA-N,NC(=O)COc1cccc(C2CC(=O)Nc3nc(N4CCCCC4)sc32)c1,0.059
RJVLFQBBRSMWHX-DHUJRADRSA-N,CN([C@@H](Cc1ccc(OS(=O)(=O)c2cccc3cnccc23)cc1)C(=O)N1CCN(c2ccccc2)CC1)S(=O)(=O)c1cccc2cnccc12,0.999
ULUBHJDSUHVEHQ-UHFFFAOYSA-N,C#CCNC(=O)c1nc(-c2cccnc2)c2ccccn12,0.368
ILZWRVXSUIGJNH-UHFFFAOYSA-N,NC(=O)C1CCN(c2ncc(-c3cccc(N4CCCCC4)c3)s2)CC1,0.364
CYZQJDGZFDXNFF-UHFFFAOYSA-N,Cc1ccc(S(=O)(=O)Nc2cnccc2C(=O)Nc2ccc(-c3nn[nH]n3)cc2)cc1,0.052
XZFYRUALJCQZQA-UHFFFAOYSA-N,COc1cccc(C(=O)Nc2cccc(OCc3cc(=O)n4cccc(C)c4n3)c2)c1,0.969
GPPXZTIEQLOROW-UHFFFAOYSA-N,COc1cccc(CNc2ccc(S(=O)(=O)Nc3nc(C)cs3)cc2)c1O,0.894
MZDKLVOWGIOKTN-UHFFFAOYSA-N,CN(c1ncccc1CNc1nc(Nc2ccc3c(c2)CC(=O)N3)ncc1C(F)(F)F)S(C)(=O)=O,0.318
IYRMWMYZSQPJKC-UHFFFAOYSA-N,O=c1c(O)c(-c2ccc(O)cc2)oc2cc(O)cc(O)c12,0.012
BMBWHXBBSZXBCF-UHFFFAOYSA-N,CCOc1ccc(CCNC(=O)c2cc3cccnc3n2Cc2cccc(C)n2)cc1OCC,0.076
SSKKNBLOJYQIDP-UHFFFAOYSA-N,N#Cc1ccc(-c2csc(N3CCC(C(N)=O)CC3)n2)cc1,0.567
WFANWQGZTMHUAD-UHFFFAOYSA-N,O=C(Nc1cccc(OC(F)(F)F)c1)c1cc(-c2ccc[nH]2)n[nH]1,0.973
PLGQFIQUJJLMCS-UHFFFAOYSA-N,Cc1ccc(CC(=O)Nc2nc(-c3ccc4c(c3)CCN4C(=O)c3ccccc3C)c(C)s2)cc1C,1.0
JUXOPGLOMJOSMZ-UHFFFAOYSA-N,CC(=O)c1c(C)[nH]c(C(=O)Nc2cccc([S+](=O)([O-])Nc3ccncc3)c2)c1C,0.017
HGEYJZMMUGWEOT-UHFFFAOYSA-N,Oc1ccc2[nH]cc(CCCCN3CC=C(c4ccccc4)CC3)c2c1,0.307
AXBDECUZZDILLT-UHFFFAOYSA-N,Cc1cc(-c2nnc3n2CCCCC3)c(C)n1-c1ccc(F)cc1,0.0
OHRPSQDMEYSFJT-UHFFFAOYSA-N,N#Cc1nc(-c2cccc3ccccc23)oc1NC1COC1,1.0
SKXJVNRCZUVZPL-UHFFFAOYSA-N,COc1ccc(C(=O)NC2CCN(c3cnn(CC4CC4)c(=O)c3)CC2)c(OC)n1,0.102
IIEFAIOSYLQBJX-UHFFFAOYSA-N,Cn1nnnc1Sc1ncnc2scc(-c3cccc(S(C)(=O)=O)c3)c12,0.269
PHRCDWVPTULQMT-UHFFFAOYSA-N,COc1cccc2c1CCCC2CCCN1CCN(C2CCCCC2)CC1,0.061
VRCGKXHJRXWIKQ-UHFFFAOYSA-N,Cc1nc(NCc2ccco2)nc2c1C(=O)CC(C)C2,0.009
QSKHNEFHHSQBKF-UHFFFAOYSA-N,Cc1cc(C)c(C(=O)Nc2cccc([S+](=O)([O-])N3CCCCC3)c2)[nH]1,0.927
JJRYOSRUJQWEBM-UHFFFAOYSA-N,NC(=O)C1CCN(c2ncc(-c3cccc(F)c3)s2)CC1,0.407
WSLTYZVXORBNLB-UHFFFAOYSA-N,Ic1ccccc1CNC1C2CCN(CC2)C1C(c1ccccc1)c1ccccc1,0.026
LCUXZMWLRKDVTH-UHFFFAOYSA-N,Cc1cccc(C)c1C(=O)Nc1cccc([S+](=O)([O-])N(C)C)c1,0.122
DSXXEELGXBCYNQ-UHFFFAOYSA-N,Cn1cc(C2=C(c3cn(CCCSC(=N)N)c4ccccc34)C(=O)NC2=O)c2ccccc21,0.207
IZKLPKKZAPPRRM-UHFFFAOYSA-N,COc1ccc(-n2nc(C3CCN(C(=O)Cc4ccc(F)cc4)CC3)[nH]c2=O)cc1,0.057
AHKBHGCZLAMEAO-UHFFFAOYSA-N,Nc1ccc(CNc2ccc([S+](=O)([O-])Nc3nccs3)cc2)c(O)c1,0.02
SYNDQCRDGGCQRZ-VXLYETTFSA-N,O=C(N/N=C/c1ccc(O)c(O)c1)c1cc2ccccc2cc1O,0.253
AEZVXIJUEQMWAL-UHFFFAOYSA-N,NC(=O)C1CCN(c2nc(-c3ccccc3N)cs2)CC1,0.022
ARYKOLLRNTUQIP-WQLSENKSSA-N,COc1cc(/C=C2\C(=O)Nc3ccccc32)ccc1O,0.344
JAMARIJXBDZMFK-UHFFFAOYSA-N,O=C(Nc1ccc(F)cc1F)c1cc(-c2ccc[nH]2)n[nH]1,0.706
XNULRSOGWPFPBL-REWPJTCUSA-N,N#Cc1ccc(N2N=C3c4ccc(C(=O)O)cc4CC[C@@H]3[C@@H]2C2CCCC2)cc1Cl,0.151
NFDQUZURNQRGCL-UHFFFAOYSA-N,Cc1ccc(S(=O)(=O)c2cnc(SC(C)C(=O)Nc3ccccc3)[nH]c2=O)cc1,0.019
JMNFIHZZWJUPBY-UHFFFAOYSA-N,CC(C)c1ccccc1-c1ncc(F)c(NC2(c3ccc(-c4cccnc4)cc3)CC2)n1,0.998
BAZVSMNPJJMILC-UHFFFAOYSA-N,CC(C)(C)C(O)C(Oc1ccc(Cl)cc1)n1cncn1,0.002
CJFZTFJJOSEVKT-UHFFFAOYSA-N,CC(=O)c1c(C)[nH]c(C(=O)Nc2cccc([S+](=O)([O-])Nc3cccc(C#N)c3)c2)c1C,0.549
SEKOTFCHZNXZMM-UHFFFAOYSA-N,CCOC(=O)c1cnc2ccc(-c3cncc(NS(=O)(=O)c4ccccc4)c3)cn12,0.924
NUEJTAQXVQDRGW-UHFFFAOYSA-N,Cc1ccc(S(=O)(=O)Nc2cnccc2C(=O)Nc2ccc(C#N)cc2)cc1,0.113
RTKIYFITIVXBLE-QEQCGCAPSA-N,CC(/C=C/C(=O)NO)=C\[C@@H](C)C(=O)c1ccc(N(C)C)cc1,0.02
WMWGWWIZMRLQRE-UHFFFAOYSA-N,COc1cc(C(=O)Nc2nc(-c3ccccc3)cs2)ccc1NS(=O)(=O)c1ccc(C)cc1,0.998
HZWOCVNJJLPLBT-UHFFFAOYSA-N,O=S(=O)(Nc1cnc2ccccc2c1)c1ccc(NCc2ccc(Br)cc2O)cc1,0.982
NOPHFMQJYXLOCG-UHFFFAOYSA-N,Oc1ccc(Nc2nc(-c3ccncc3)nc3ccccc23)cc1F,0.98
WVCGKGMNMOQOLF-UHFFFAOYSA-N,O=C(Nc1ncc(Cc2ccc(C(F)(F)F)cc2)s1)c1ccco1,0.996
NHZZYBPOHSNUKK-UHFFFAOYSA-N,Cc1cc(C)nc(NC(=S)N2CCN(c3ccc(Cl)cc3[N+](=O)[O-])CC2)c1,0.995
SJBZGSDJIJNAFA-UHFFFAOYSA-N,Cc1ccc(-c2cc(C(=O)NCc3ccc(S(N)(=O)=O)cc3)c3ccccc3n2)cc1C,0.974
TWGUWPJEYSLJIN-UHFFFAOYSA-N,Cc1ccc(-n2nc3c(N4CCCC(C(=O)NCc5ccccc5C)C4)nnc(C)c3c2C)cc1,0.977
FSYWLZZQTDHGOX-UHFFFAOYSA-N,CC(=O)NCCNC(=O)c1ccc(-c2ncc3cnc(-c4cccc(F)c4)cn23)cc1,0.147
HTZVUFKCOBCKCL-UHFFFAOYSA-N,CCOC(=O)c1ccc(N2C(=O)c3n[nH]c(-c4ccco4)c3C2c2ccc(C)cc2)cc1,0.999
UYNVMODNBIQBMV-UHFFFAOYSA-N,CC(C(O)c1ccc(O)cc1)N1CCC(Cc2ccccc2)CC1,0.048
BRHDZARXWTXWMR-UHFFFAOYSA-N,Cc1ccnc(NC(=S)N2CCN(c3ccc(Cl)c(Cl)c3)CC2)c1,0.999
NZZOMHODWAPPJH-OJRKSADQSA-N,CC(C)(O)/C=C\C(=O)[C@](C)(O)[C@H]1[C@H](O)C[C@]2(C)[C@@H]3CC=C4[C@@H](CC(=O)C(=O)C4(C)C)[C@]3(C)C(=O)C[C@@]12C,0.016
YCEKPKDAAOIPNY-UHFFFAOYSA-N,Cc1ccccc1CSc1nc2ncc(Br)cc2[nH]1,0.978
WCGZMGOUSSWKQU-UHFFFAOYSA-N,Cc1ccc(Nc2nc(-c3ccncc3)nc3ccccc23)cc1F,1.0
LIZUAOHATLVQEF-UHFFFAOYSA-N,CCn1c(C)c(C(C)=O)c(C)c1C(=O)Nc1cccc([S+](=O)([O-])N(C)C)c1,0.177
CPMDPSXJELVGJG-UHFFFAOYSA-N,COC(=O)c1ccc2c(C(=Nc3ccc(N(C)C(=O)CN4CCN(C)CC4)cc3)c3ccccc3)c(O)[nH]c2c1,0.046
UVCNZXLQDWHNLR-UHFFFAOYSA-N,Cc1ccc(-c2cc(C(=O)Nc3ccc(S(C)(=O)=O)cc3)c3ccccc3n2)cc1C,0.983
IEGHGIFTMBLHBX-UHFFFAOYSA-N,COc1cccc(-c2csc(NC(=O)c3ccncc3NS(=O)(=O)c3ccc(C)cc3)n2)c1,0.864
RUNXSSDQOPIDTM-UHFFFAOYSA-N,Cc1ccc(-c2csc(CCn3nc(C)c4c(C(F)(F)F)cc(=O)[nH]c43)n2)cc1,0.995
KIPQVXSHESCJAB-UHFFFAOYSA-N,COc1cccc(CN2CCCC(c3nc(-c4ccncc4)ncc3-c3ccccc3)C2)c1O,0.992
HLLDSINCGQRMCD-UHFFFAOYSA-N,O=C(NCc1ccccc1)C1CCN(c2nc(-c3ccc(Br)cc3)cs2)CC1,0.998
ALHIJKCPHNRYRW-UHFFFAOYSA-N,Cc1noc(C)c1C(=O)N1CCC2(CC1)CCN(C(c1ccccc1)c1ccccc1)CC2,0.118
KGTDRIWGWICVTM-UHFFFAOYSA-N,Cc1ccnc(NC(=S)N2CCN(c3cccc(C(F)(F)F)n3)CC2)c1,0.835
LRTCHZZRVSAKRF-UHFFFAOYSA-N,CC(C)(C)c1ccc(OCc2nn3c(-c4ccncc4)nnc3s2)cc1,0.942
QPNJPCYYDZIJJR-UHFFFAOYSA-N,COc1ccc(C2Nc3ccccc3C(=O)N2Cc2ccco2)cc1COc1ccc(NC(C)=O)cc1,0.916
WUCWQLIXNQKEBF-UHFFFAOYSA-N,Cc1cccc(S(=O)(=O)Nc2cnccc2C(=O)Nc2nc(-c3ccccc3)cs2)c1,0.881
LTVKZVGAALCRFW-UHFFFAOYSA-N,NCC(=O)Nc1cncc(-c2nn3c(=O)cc(N4CCNCC4)nc3s2)c1,0.019
QEMPCNUAFOSCJN-UHFFFAOYSA-N,CC(C)(C)c1ccc(C(=O)Nc2ccc3c(c2)CCCN3C(=O)c2cccs2)cc1,0.998
OVLIGALQKNRIDX-UHFFFAOYSA-N,CCc1ccc(C2C(C(=O)Nc3ccccc3OC)=C(C)Nc3c(C(=O)Nc4ccc(C)cc4)cnn32)cc1,0.998
UHTPNQZQGLLWGU-UHFFFAOYSA-N,FC(F)(F)Oc1cccc(Nc2nc(-c3ccncc3)nc3ccccc23)c1,1.0
OEKWJQXRCDYSHL-FNOIDJSQSA-N,CCCSc1nc(N[C@@H]2C[C@H]2c2ccc(F)c(F)c2)c2nnn([C@@H]3C[C@H](OCCO)[C@@H](O)[C@H]3O)c2n1,0.975
GJXGIFCKSAHJSL-UHFFFAOYSA-N,O=C(Nc1ccc(Cl)cc1)C(NS(=O)(=O)c1cccs1)c1ccccc1,0.903
YLBGGGBOSLADDG-UHFFFAOYSA-N,CC1CCC(NC(=O)c2ccc3c(c2)N(Cc2ccccc2F)C(=O)c2ccccc2S3)CC1,0.998
IMZSWXAOQBTCCW-UHFFFAOYSA-N,CC(C)Oc1cccc(-c2cnc(N3CCC(C(N)=O)CC3)s2)c1,0.553
SPCADEVIMLAILT-UHFFFAOYSA-N,NC(=O)C1CCN(c2nc(-c3ccc4c(c3)CCO4)cs2)CC1,0.286
QLTVVOATEHFXLT-UHFFFAOYSA-N,CCOC(=O)NNc1ccc(N(CC)CC(C)O)nn1,0.357
AZHYXRDVVWLZSE-UHFFFAOYSA-N,O=[N+]([O-])c1ccc(-c2nc(Nc3ccc(F)c(F)c3)c3ccccc3n2)cc1,1.0
FBVYQXBXHSPVBJ-UHFFFAOYSA-N,Cc1ccc(S(=O)(=O)Nc2cnccc2C(=O)Nc2nc(-c3ccccc3Cl)cs2)cc1,0.801
SAYMJTNRPRUXTO-UHFFFAOYSA-N,O=S(=O)(Nc1ccc(C2CCNCC2)cc1)c1ccc(NCc2cccc(Cl)c2O)cc1,0.665
RDJXPXHQENRCNG-UHFFFAOYSA-N,Nc1cc2nc3ccccc3oc-2cc1=O,0.296
AUVVAXYIELKVAI-CKBKHPSWSA-N,CC[C@H]1CN2CCc3cc(OC)c(OC)cc3[C@@H]2C[C@@H]1C[C@H]1NCCc2cc(OC)c(OC)cc21,0.008
KQJSJVUGTPRZFR-UHFFFAOYSA-N,CCCc1ccc(-c2csc(NC(=O)c3ccncc3NS(=O)(=O)c3ccc(C)cc3)n2)cc1,0.989
AYBCFPXLXOLPIZ-JIPXPUAJSA-N,C[C@@H](O)CNC(C)(C)CC(=O)N[C@@H]1CCc2ccccc2N(Cc2ccc(-c3ccccc3-c3nn[nH]n3)cc2)C1=O,0.007
GCXSDPYJCGPAOG-BBRMVZONSA-N,C[C@H]1CN(C(=O)c2nn(C)c3ccccc23)C[C@@H]1c1nc(-c2cccnc2)no1,0.05
LPYYHWQSSYGPFI-UHFFFAOYSA-N,N#Cc1cccc(-c2nccc(-n3ccnc3)n2)c1,0.975
RUOUEDNWAKIGNQ-UHFFFAOYSA-N,Cc1cc(C)c(C(=O)Nc2cccc([S+](=O)([O-])N3CCCC3)c2)[nH]1,0.804
JROWYACSFNALOV-UHFFFAOYSA-N,Fc1cc(Nc2nc(-c3ccncc3)nc3ccccc23)ccc1-c1cc(F)c(F)c(F)c1,1.0
KSLHMLXPQDTMJX-UHFFFAOYSA-N,COc1c2c(c3c(c1CCC(=O)O)OC(C)(C)C=C3)OC(C)(C)C=C2,0.008
MKAQGGDTEQLZTB-UHFFFAOYSA-N,COC(=O)c1cc(Cl)ccc1NC(=O)CSc1ncc(S(=O)(=O)c2ccc(Br)cc2)c(=O)[nH]1,0.204
XIJQBQZUKCLTGF-UHFFFAOYSA-N,CCOc1ccc(NC(=O)c2ccc(F)c(S(=O)(=O)N(CC)Cc3ccccc3)c2)cc1,0.995
IOYVSZINQXDJEV-UHFFFAOYSA-N,O=S(=O)(c1ccccc1)N1CCCCC1CCc1ccccc1,0.998
HBTGJXIZJJXUIZ-UHFFFAOYSA-N,CN(C)c1ccc(-c2cc[nH]c(=O)c2N)cc1,0.142
YVXSZIAAMMFAEN-UHFFFAOYSA-N,O=c1[nH]c(C2CCN(S(=O)(=O)c3ccc4c(c3)OCCO4)CC2)nc2c1nnn2Cc1c(F)cccc1Cl,0.926
VAAJHLKTNMQASZ-UHFFFAOYSA-N,N#Cc1ccc(-c2ccc(CNc3ccc(C4CCNCC4)cc3)o2)cc1,0.099
AAHDVOGOKUADFN-UHFFFAOYSA-N,O=C1Nc2ccccc2C12CC2c1cc(Cl)c(O)c(Cl)c1,0.926
LURGPSLQITYUPM-UHFFFAOYSA-N,Cc1nc2c(-c3ccccc3)cnn2c(N)c1-c1ccccc1,0.991
ZQDWXGKKHFNSQK-UHFFFAOYSA-N,OCCOCCN1CCN(C(c2ccccc2)c2ccc(Cl)cc2)CC1,0.001
GPMXUUPHFNMNDH-UHFFFAOYSA-N,O=C(CCCN1CCC(O)(c2cccc(C(F)(F)F)c2)CC1)c1ccc(F)cc1,0.575
UCXNALOZCNGJTE-UHFFFAOYSA-N,CC(=O)c1c(C)[nH]c(C(=O)Nc2cccc([S+](=O)([O-])Nc3ccc(Br)cc3)c2)c1C,0.886
HZYHMWXJOLOAAX-UHFFFAOYSA-N,COc1ccc(NC(=O)CCCc2nnc3n(CCC(C)C)c(=O)c4sccc4n23)cc1Cl,0.994
IKRJJQPVPCXXRO-UHFFFAOYSA-N,FC(F)(F)c1ccc(N2CCN(C(=S)Nc3ccccn3)CC2)cc1,0.962
JZPSWWRMKQIPRS-UHFFFAOYSA-N,Cc1ccc(S(=O)(=O)Nc2ccccc2C(=O)Nc2ccc(-c3ccccc3)nc2)cc1,0.996
MIEXTCFOSLOJFZ-UHFFFAOYSA-N,CCCCCCCc1c(C)nc(N2CCOCC2)[nH]c1=O,0.986
IOWSRTVHVZCDTG-XCVCLJGOSA-N,O=C1Nc2cc(Cl)ccc2/C1=C\c1cc(Cl)c(O)c(Cl)c1,0.972
FMETVQKSDIOGPX-UHFFFAOYSA-N,Nc1ncnc2c1c(-c1ccc(Oc3ccccc3)cc1)cn2C1CCCC1,0.998
UTSVXJQVFBLSEH-UHFFFAOYSA-N,Cc1noc(C)c1-c1ccc2ncnc(NC(C)c3ccccc3)c2c1,0.879
ZBOCGUVFUZETOT-UHFFFAOYSA-N,CC(=O)c1c(C)[nH]c(C(=O)Nc2ccc(C)c(S(=O)(=O)N3CCCCCC3)c2)c1C,0.981
ILNRQFBVVQUOLP-UHFFFAOYSA-N,O=C(O)Cn1c(C(=O)Nc2nc(-c3ccccc3Cl)cs2)cc2ccccc21,0.294
OFYUMHLCZMSOON-UHFFFAOYSA-N,CC1CCc2cc(F)ccc2N1C(=O)CSc1nnc2c(n1)[nH]c1ccccc12,0.999
SNVGXSBFCQAVMI-OAHLLOKOSA-N,Cc1ccnc(NC(=S)N2CC[C@@H](Nc3cccc(C(F)(F)F)c3)C2)c1,0.611
BBOCDRLDMQHWJP-HAVGOBCSSA-N,OCCNc1ncnc2c1ncn2[C@@H]1O[C@@H](CO)[C@H](O)[C@@H]1O,0.0
VSENSAGLWGRHBS-UHFFFAOYSA-N,CCN(CC)C(=O)c1coc(COc2ccc3c(c2)C(c2cccc(F)c2)N(C(=O)C(C)C)CC3)n1,0.074
KAAZGXDPUNNEFN-UHFFFAOYSA-N,CN1CCN(C2=Nc3ccccc3Sc3ccc(Cl)cc32)CC1,0.011
KOVZFTBJJKRWDL-UHFFFAOYSA-N,CCCCc1ccc(NC(=O)c2ccc3c(c2)N(S(C)(=O)=O)CC3)cc1,0.999
HMBUBZCFXKQJDO-UHFFFAOYSA-N,COC(=O)CNC(=O)c1nc(-c2ccc([S+](C)(=O)[O-])cc2)c2cnccn12,0.126
DNDOWGNQLLLXST-UHFFFAOYSA-N,COc1ccc(C)cc1NC(=O)c1cnc(-c2ccc(F)cc2)nc1-c1ccncc1,0.997
VIPIBKRBCOLJQG-HBMCJLEFSA-N,CCC(CC)c1cc([C@H]2CN3CC[C@H]2C[C@@H]3CNC(C)=O)nc(-c2ccncc2)n1,0.003
PGTOEVVTANJYML-UHFFFAOYSA-N,COc1cccc(CNc2ccc(S(=O)(=O)Nc3cccnc3)cc2)c1O,0.113
KYFKCBTWOUGFOX-UHFFFAOYSA-N,CC(C)(C)n1cnc2cc(C(=O)N3CCCCC3)ccc21,0.005
GIBKRKRYWMZCTD-UHFFFAOYSA-N,COc1ccccc1-n1cnc2cc(C(=O)N3CCCCC3)ccc21,0.007
SFRHGBFHFJDRAT-UHFFFAOYSA-N,Cn1c(=O)cc(C(=O)NC2CCCc3c2[nH]c2c(Cl)cccc32)c2ccccc21,0.98
NVHBGNJYOYEODQ-UHFFFAOYSA-N,NC(=O)C1CCN(c2nc(-c3ccc(C(F)(F)F)cc3)cs2)CC1,0.917
IJVQZMNHPRBSEM-UHFFFAOYSA-N,COc1ccc(NC(=O)c2[nH]c(C)c(C(C)=O)c2C)cc1[S+](=O)([O-])Nc1ccc(C#N)cc1,0.45
OUHRYKNTYGIWJO-UHFFFAOYSA-N,Cc1cccc(-n2cnc3cc(C(=O)N4CCCCCC4)ccc32)c1,0.035
MPMRJOUOYIWLEK-UHFFFAOYSA-N,O=C(COc1ccccc1)NCC(c1cccs1)S(=O)(=O)c1ccc(Cl)cc1,0.928
ZATJMMZPGVDUOM-UHFFFAOYSA-N,Nc1c(C(=O)Nc2ccc(F)cc2)sc2nc(-c3cccs3)cc(C(F)(F)F)c12,0.998
MQRSVAUETXDOIU-UHFFFAOYSA-N,O=C1CCCC2=C1C(c1[nH]ncc1Cl)N=C(Nc1nc3cc([S+](=O)([O-])N4CCCC4)ccc3o1)N2,0.96
IWBQFFIAPJFSOG-UHFFFAOYSA-N,Cc1ccc(S(=O)(=O)Nc2cc(F)c(F)cc2C(=O)Nc2nc(-c3ccccc3)cs2)cc1,0.997
SLLUTHHLDJDASL-UHFFFAOYSA-N,Cn1cc(Br)c(C2N=C(Nc3nc4ccccc4o3)NC3=C2C(=O)CCC3)n1,0.307
PIWSNXUGFPPTEE-UHFFFAOYSA-N,CN(C)c1cccc(-c2ncnc(N3CCC(C(N)=O)CC3)n2)c1,0.008
NROHNKMSWWFSHV-UHFFFAOYSA-N,CC(=O)c1ccc(N2CCN(c3ccc(NC(=O)c4ccc(F)cc4)cc3C(=O)O)CC2)cc1,0.596
RRHICCAMORKQAC-UHFFFAOYSA-N,COc1cccc(CNc2ccc(S(=O)(=O)Nc3ccccc3)cc2)c1O,0.979
BDXXSFOJPYSYOC-UHFFFAOYSA-N,Cc1nc2ccc(C(=O)N3CCC4(CC3)CC(=O)c3c(cnn3C(C)C)C4)cc2[nH]1,0.005
WBSJBKQUCWBFIH-UHFFFAOYSA-N,CCN(CC)S(=O)(=O)c1ccc2oc(C(=O)Nc3ccc(Br)cc3F)c(C)c2c1,0.998
HZVKEDLOKCQRAW-UHFFFAOYSA-N,COc1ccc(NC(=O)c2ccc[nH]2)cc1[S+](=O)([O-])Nc1ccc(Br)cc1,0.956
VLDQXBADIHYEAG-UHFFFAOYSA-N,COc1cc(NS(=O)(=O)c2ccc(C)cc2)c(C(=O)Nc2nc(-c3ccccc3)cs2)cc1OC,0.997
VGIBEFQNLZOXII-UHFFFAOYSA-N,COc1ccc2nc(C)cc(Nc3ccc(Cl)c(Cl)c3)c2c1,0.998
QBSIRXQWVQVDCN-UHFFFAOYSA-N,COc1ccc(CCNc2ncnc3c2c(-c2ccccc2)cn3-c2cccc(Cl)c2)cc1OC,0.996
LAYVXOUYQAARQE-LSDHHAIUSA-N,O=c1c(-c2cccs2)ccc2n1C[C@H]1C[C@@H]2CN(C2CCOCC2)C1,0.018
LHCRUHINUUSVOM-UHFFFAOYSA-N,COc1cccc(CNc2ccc(S(=O)(=O)Nc3cccc(-c4ccccc4)c3)cc2)c1O,0.999
SQCFMWBHAPMQSM-UHFFFAOYSA-N,Cc1ccc(C)c(NC2=C(c3ccc(C(F)(F)F)cc3)C(=O)c3ccccc32)c1,0.992
FYGANZNGKJHQAF-UHFFFAOYSA-N,COc1ccccc1NS(=O)(=O)c1cccc(NC(=O)c2[nH]c(C)c(C(C)=O)c2C)c1,0.607
BGQYERLECBQCIN-UHFFFAOYSA-N,Cc1ccc(S(=O)(=O)Nc2cnccc2C(=O)NCc2ccccc2)cc1,0.108
QKZGMYABIVLSMF-UHFFFAOYSA-N,NS(=O)(=O)c1ccc(NC(=O)c2cc3ncccn3n2)cc1,0.702
MXJWRABVEGLYDG-UHFFFAOYSA-N,CCCCOc1ccc(CC(=O)NO)cc1,0.135
QMGUOJYZJKLOLH-UHFFFAOYSA-N,CN(C)CCCn1cc(C2=C(c3c[nH]c4ccccc34)C(=O)NC2=O)c2ccccc21,0.088
NNCSVKUBTTZSMU-UHFFFAOYSA-N,COc1ccc2[nH]c(=O)c(-c3noc(-c4cccs4)n3)cc2c1,0.979
ACTAZIKTWWVGKN-UHFFFAOYSA-N,Cc1ccc(S(=O)(=O)Nc2cnccc2C(=O)NCCc2ccccc2)cc1,0.127
YBOICQPIEWXKJU-UHFFFAOYSA-N,O=C(Nc1ccc(S(=O)(=O)Nc2nccs2)cc1)c1ccnc2ccccc12,0.671
QGTASYZOEAUSKE-UHFFFAOYSA-N,CCCCC1CCC(C(=O)Nc2ccc(S(=O)(=O)Nc3nccs3)cc2)CC1,0.996
FVNPTURFPVTWHY-MRXNPFEDSA-N,CN(C)[C@@H]1CCN(c2cccc(Nc3nn4c(=O)c5ccccc5nc4s3)c2)C1,0.019
OOOUHZHQDFCCON-UHFFFAOYSA-N,Cc1ccc(S(=O)(=O)Nc2cnccc2C(=O)Nc2nc(-c3ccccc3F)cs2)cc1,0.756
MAAJKHWOVKXTPF-UHFFFAOYSA-N,CCN(CC)S(=O)(=O)c1ccc(N2CCCC2)c(NS(=O)(=O)c2ccccc2)c1,0.858
BKCDJTRMYWSXMC-UHFFFAOYSA-N,COc1cc2c(cc1OCCCN1CCCC1)N=C(N)C21CCC1,0.0
FKWGCSDDHPFETI-UHFFFAOYSA-N,COc1ccc2oc(NC3=NC(c4[nH]ncc4Cl)C4=C(CCCC4=O)N3)nc2c1,0.971
UREJDUPKGMFJRU-UHFFFAOYSA-N,S=C(NCCCc1cnc[nH]1)NCCCN(Cc1ccc(Cl)c(Cl)c1)c1ccc(Br)cn1,0.981
DSGOLESVOJUGOK-UHFFFAOYSA-N,O=C(O)c1ccnc(-c2cc(C(=O)NCCc3ccccc3)ccn2)c1,0.006
QVHZMVMCGBRRAM-UHFFFAOYSA-N,NC(=O)C1CCN(c2nc(-c3ccccc3[N+](=O)[O-])cs2)CC1,0.302
IIJDFXNUWZTHIM-NRFANRHFSA-N,Cc1c(C)n(Cc2ccc(-c3ccccc3C(=O)O)cc2)c2ccc(C(=O)N[C@@H](C)c3ccc([N+](=O)[O-])cc3)cc12,0.125
AILRADAXUVEEIR-UHFFFAOYSA-N,COc1cc(N2CCC(N3CCN(C)CC3)CC2)ccc1Nc1ncc(Cl)c(Nc2ccccc2P(C)(C)=O)n1,0.003
ALFSCIYNLXPJRO-UHFFFAOYSA-N,CN1Cc2c(cc(N3CCOCC3)nc2-c2ccccc2OC(F)(F)F)C1=O,0.141
CZUKXZMKSAHXQS-UHFFFAOYSA-N,COc1ccc(OC)c(-c2nnc3n2N=C(c2c(OC)cccc2OC)CS3)c1,0.986
JZRXMESSAQXLTF-UHFFFAOYSA-N,Cc1nn(CCc2nc(-c3ccccc3F)cs2)c2[nH]c(=O)cc(C(F)(F)F)c12,0.972
FPNSILJSOUWBKT-UHFFFAOYSA-N,Oc1ccc(-c2nc(C3CC3)nc3c2CCN(CC2CCCCC2)CC3)cc1,0.304
DTDPAXHZDSFXSR-UHFFFAOYSA-N,CCc1ccc(NC(=O)c2[nH]c(C)c(C(C)=O)c2C)cc1[S+](=O)([O-])N1CCCCCC1,0.928
BPVFEOBAXMBJQD-UHFFFAOYSA-N,Cc1cc(C)nc(NC(=S)N2CCN(c3ccc(C(F)(F)F)cc3Cl)CC2)c1,0.997
BVXBTJQFTZYBMU-UHFFFAOYSA-N,Cc1ccc2nc(NC3=NC(c4[nH]ncc4Cl)C4=C(CCCC4=O)N3)oc2c1,0.985
